CASE_ID,ACCIDENT_YEAR,PROC_DATE,JURIS,COLLISION_DATE,COLLISION_TIME,OFFICER_ID,REPORTING_DISTRICT,DAY_OF_WEEK,CHP_SHIFT,POPULATION,CNTY_CITY_LOC,SPECIAL_COND,BEAT_TYPE,CHP_BEAT_TYPE,CITY_DIVISION_LAPD,CHP_BEAT_CLASS,BEAT_NUMBER,PRIMARY_RD,SECONDARY_RD,DISTANCE,DIRECTION,INTERSECTION,WEATHER_1,WEATHER_2,STATE_HWY_IND,CALTRANS_COUNTY,CALTRANS_DISTRICT,STATE_ROUTE,ROUTE_SUFFIX,POSTMILE_PREFIX,POSTMILE,LOCATION_TYPE,RAMP_INTERSECTION,SIDE_OF_HWY,TOW_AWAY,COLLISION_SEVERITY,NUMBER_KILLED,NUMBER_INJURED,PARTY_COUNT,PRIMARY_COLL_FACTOR,PCF_CODE_OF_VIOL,PCF_VIOL_CATEGORY,PCF_VIOLATION,PCF_VIOL_SUBSECTION,HIT_AND_RUN,TYPE_OF_COLLISION,MVIW,PED_ACTION,ROAD_SURFACE,ROAD_COND_1,ROAD_COND_2,LIGHTING,CONTROL_DEVICE,CHP_ROAD_TYPE,PEDESTRIAN_ACCIDENT,BICYCLE_ACCIDENT,MOTORCYCLE_ACCIDENT,TRUCK_ACCIDENT,NOT_PRIVATE_PROPERTY,ALCOHOL_INVOLVED,STWD_VEHTYPE_AT_FAULT,CHP_VEHTYPE_AT_FAULT,COUNT_SEVERE_INJ,COUNT_VISIBLE_INJ,COUNT_COMPLAINT_PAIN,COUNT_PED_KILLED,COUNT_PED_INJURED,COUNT_BICYCLIST_KILLED,COUNT_BICYCLIST_INJURED,COUNT_MC_KILLED,COUNT_MC_INJURED,PRIMARY_RAMP,SECONDARY_RAMP,LATITUDE,LONGITUDE,COUNTY,CITY,POINT_X,POINT_Y
90799906,2018,2018-08-28,9155,2018-08-26,0510,021060,,7,3,9,0600,0,1,1,,2,051,"I-5 N/B","GREENBAY RD",220.00,N,N,A,-,Y,,,5,,,,,,N,Y,2,0,1,2,A,-,03,22350,,N,C,C,A,A,H,-,D,D,0,,,,,Y,,D,22,1,0,0,0,0,0,0,0,0,"- ","- ",38.966480255126953,-122.02599334716797,COLUSA,UNINCORPORATED,-122.02603149414062,38.966457366943359
91888787,2022,2022-10-12,9155,2022-06-26,1630,021060,,7,2,9,0600,0,3,5,,2,004,"FOREST RTE 17N22","FOUTS SPRINGS RD",11088.00,W,N,A,-,N,,,,,,,,,,N,1,1,2,1,B,-,22,,,N,F,A,A,A,G,-,A,D,0,,,Y,,Y,,C,06,1,1,0,0,0,0,0,1,2,"- ","- ",39.335418701171875,-122.65342712402344,COLUSA,UNINCORPORATED,-122.66092681884766,39.3507080078125
90468965,2017,2017-06-01,9155,2017-05-30,1159,018866,,2,1,9,0600,0,1,3,,2,023,"SR-20 W/B","BEAR VALLEY RD",13200.00,W,N,B,-,Y,,,,,,,,,,Y,2,0,1,1,A,-,03,22350,,N,F,A,A,A,H,-,A,D,0,,,Y,,Y,,C,02,1,0,0,0,0,0,0,0,1,"- ","- ",39.00759,-122.40616,COLUSA,UNINCORPORATED,-122.39606596,39.006262100000001
91593956,2021,2021-10-12,9155,2021-09-09,1205,016414,,4,1,9,0600,0,1,3,,2,023,"RT 20","RT 16",13728.00,E,N,A,-,Y,,,20,,,,,,,Y,2,0,4,2,A,-,08,22107,,F,H,A,A,A,H,-,A,D,0,,,,,Y,,-,99,4,0,0,0,0,0,0,0,0,"- ","- ",39.04296875,-122.34072113037109,COLUSA,UNINCORPORATED,-122.34061431884766,39.042991638183594
91491692,2021,2021-06-08,9160,2021-05-27,1715,015118,,4,2,9,0600,0,2,S,,2,904,"FOREST ROUTE 18N03","FOUTS SPRINGS ROAD",12144.00,N,N,A,-,N,,,,,,,,,,Y,2,0,1,1,B,-,22,,,N,F,A,A,A,H,-,A,D,0,,,Y,,Y,,C,06,1,0,0,0,0,0,0,0,1,"- ","- ",39.379989624023438,-122.64869689941406,COLUSA,UNINCORPORATED,-122.63747406005859,39.403209686279297
92008992,2023,2023-03-03,9155,2023-02-18,1155,019973,,6,1,9,0600,0,3,5,,2,002,"WILDWOOD RD","NONPAREIL AVE",1600.00,S,N,A,-,N,,,,,,,,,,N,2,0,1,1,A,-,01,23152,A,N,F,A,A,A,H,-,A,D,0,,,,,Y,Y,D,22,1,0,0,0,0,0,0,0,0,"- ","- ",38.971950531005859,-122.06082916259766,COLUSA,UNINCORPORATED,-122.06084442138672,38.972156524658203
91572991,2021,2021-09-17,9155,2021-09-06,0445,021152,,1,3,9,0600,0,1,3,,2,023,SR-20,"E STREET",3696.00,W,N,A,-,Y,,,20,,,,,,,Y,2,0,2,4,A,-,01,23153,A,N,A,C,A,A,H,-,D,D,0,,,,Y,Y,Y,A,01,1,1,0,0,0,0,0,0,0,"- ","- ",39.152641296386719,-122.1868896484375,COLUSA,UNINCORPORATED,-122.1868896484375,39.152626037597656
91837931,2022,2022-08-11,9155,2022-08-09,0555,019094,,2,3,9,0600,0,3,5,,2,002,"GREENBAY RD","GABBY RD",475.00,E,N,A,-,N,,,,,,,,,,Y,2,0,1,2,A,-,03,22350,,N,C,C,A,A,H,-,B,D,0,,,,,Y,,D,22,1,0,0,0,0,0,0,0,0,"- ","- ",38.965911865234375,-122.02599334716797,COLUSA,UNINCORPORATED,-122.02609252929688,38.965869903564453
91845737,2022,2022-08-22,9155,2022-08-10,1945,018981,,3,2,9,0600,0,3,5,,2,004,"GIBSON RD","FRESHWATER RD",690.00,N,N,A,-,N,,,,,,,,,,Y,2,0,1,1,A,-,01,23152,A,M,E,I,A,A,H,-,A,D,0,,,,,Y,Y,D,22,1,0,0,0,0,0,0,0,0,"- ","- ",39.176528930664062,-122.18919372558594,COLUSA,UNINCORPORATED,-122.18912506103516,39.176376342773438
6699403,2014,2016-06-21,9155,2014-10-17,2150,019973,,5,2,9,0600,0,1,3,,2,023,"RT 20","WALNUT DR",2640.00,W,N,A,-,Y,COL,3,20,-,-,11.760,H,-,E,Y,2,0,2,2,A,-,08,22107,,N,D,C,A,A,H,-,D,D,0,,,,,Y,,A,01,2,0,0,0,0,0,0,0,0,"- ","- ",39.113,-122.29984,COLUSA,UNINCORPORATED,-122.3074998,39.107530310000001
8500576,2017,2018-07-09,0602,2017-11-22,0710,P48,2,3,5,2,0602,0,0,0,,0,,"RT 20","RT 5",0.00,,Y,B,E,Y,COL,3,20,-,R,22.244,I,5,E,Y,2,0,4,2,A,-,09,21802,A,N,D,C,A,D,G,-,B,A,0,,,,,Y,,D,22,1,0,3,0,0,0,0,0,0,"- ","- ",,,COLUSA,WILLIAMS,-122.14800294,39.167545660000002
6577791,2014,2015-12-21,9155,2014-07-25,0625,015996,,5,1,9,0600,0,3,5,,2,001,"TULE RD","RT 45",2640.00,W,N,A,-,N,,,,,,,,,,Y,2,0,2,1,A,-,08,22107,,N,E,I,A,A,H,-,A,D,0,,,,,Y,,A,01,1,0,1,0,0,0,0,0,0,"- ","- ",39.012569999999997,-121.87531,COLUSA,UNINCORPORATED,-121.87591291,39.012608989999997
6706050,2014,2015-01-08,9155,2014-11-10,0405,016541,,1,3,9,0600,0,2,4,,2,011,"OLD HWY 99W","HAHN RD",200.00,N,N,A,-,N,,,,,,,,,,Y,2,0,1,1,A,-,08,22107,,N,E,I,A,A,H,-,C,A,0,,,,,Y,,A,07,1,0,0,0,0,0,0,0,0,"- ","- ",39.057499999999997,-122.83620000000001,COLUSA,UNINCORPORATED,-122.08342115000001,39.057378900000003
94688790,2025,2025-05-15,9155,2025-05-07,1925,024433,,3,2,9,0600,0,1,1,,2,052,"I-5 N/B","MAXWELL RD",1584.00,S,N,A,-,Y,COL,,5," ",R,26.437,H,,R,Y,2,0,2,1,A,-,08,22107,,N,F,A,A,A,H,-,A,D,0,,,,,Y,,A,01,1,0,1,0,0,0,0,0,0,"- ","- ",39.272071838378906,-122.18225860595703,COLUSA,UNINCORPORATED,-122.18218994140625,39.272068023681641
91886127,2022,2023-03-10,9155,2022-10-02,1723,021343,,7,2,9,0600,0,1,1,,2,052,"INTERSTATE 5 SOUTHBOUND","MAXWELL ROAD OVERCROSSING",2112.00,S,N,A,-,Y,COL,,5,,R,26.365,H,,L,Y,2,0,4,2,A,-,01,23152,A,N,C,C,A,A,H,-,A,D,0,,,,,Y,Y,A,01,1,3,0,0,0,0,0,0,0,"- ","- ",39.271018981933594,-122.18267822265625,COLUSA,UNINCORPORATED,-122.18257141113281,39.271018981933594
91290077,2020,2020-08-21,9155,2020-05-15,1540,019973,,5,2,9,0600,0,1,1,,2,051,"I-5 S/B","GREENBAY RD",989.00,N,N,A,-,Y,,,5,,,,,,S,Y,1,1,0,1,C,-,18,,,N,E,I,A,A,H,-,A,D,0,,,,,Y,,-,"- ",0,0,0,0,0,0,0,0,0,"- ","- ",38.968788146972656,-122.02770233154297,COLUSA,UNINCORPORATED,-122.027587890625,38.968826293945312
91505183,2021,2021-06-24,9155,2021-06-17,1020,017062,,4,1,9,0600,0,3,5,,2,004,"LENAHAN RD","2 MILE RD",54.00,W,N,A,-,N,,,,,,,,,,Y,2,0,1,1,A,-,08,22107,,N,E,I,A,A,H,-,A,A,0,,,,,Y,,A,07,1,0,0,0,0,0,0,0,0,"- ","- ",39.334480285644531,-122.15435028076172,COLUSA,UNINCORPORATED,-122.15457916259766,39.334541320800781
91810184,2022,2022-07-05,9155,2022-06-23,0140,021343,,4,3,9,0600,0,1,1,,2,051,"INTERSTATE 5 N/B","MYERS ROAD OVERCROSSING",650.00,S,N,A,-,Y,COL,,5,,R,13.582,H,,R,Y,2,0,1,1,A,-,08,22107,,N,F,A,A,A,H,-,D,D,0,,,Y,,Y,,C,02,1,0,0,0,0,0,0,0,1,"- ","- ",39.099140167236328,-122.11302185058594,COLUSA,UNINCORPORATED,-122.11315155029297,39.099067687988281
90612733,2017,2017-12-07,9155,2017-11-27,2350,020322,,1,3,9,0600,0,3,5,,2,002,"ALMOND AVE","HILLGATE RD",475.00,N,N,A,-,N,,,,,,,,,,Y,2,0,2,1,A,-,08,22107,,N,E,I,A,A,H,-,C,D,0,,,,,Y,,A,01,2,0,0,0,0,0,0,0,0,"- ","- ",39.014119999999998,-122.07017999999999,COLUSA,UNINCORPORATED,-122.07005576,39.014015030000003
90698903,2018,2018-04-04,9155,2018-03-31,1310,015943,,6,1,9,0600,0,3,5,,2,003,"GRIDLEY ROAD","PUTNAM RD",3696.00,E,N,A,-,N,,,,,,,,,,Y,2,0,1,1,C,-,18,,,N,E,I,A,A,H,-,A,D,0,,,,,Y,,-,"- ",1,0,0,0,0,0,0,0,0,"- ","- ",39.343650817871094,-121.95025634765625,COLUSA,UNINCORPORATED,-121.95005798339844,39.344459533691406
91088099,2019,2019-10-01,9155,2019-09-25,1903,020482,,3,2,9,0600,0,1,1,,2,051,"I-5 N/B TO E STREET","E STREET",592.00,S,N,A,-,Y,,,,,,,,,,Y,2,0,1,1,A,-,01,23152,A,N,E,I,A,A,H,-,A,A,0,,,,,Y,Y,A,01,1,0,0,0,0,0,0,0,0,"- ","- ",39.155620574951172,-122.14259338378906,COLUSA,UNINCORPORATED,-122.14601898193359,39.154247283935547
6854624,2015,2015-05-19,9155,2015-03-11,1915,18256,,3,2,9,0600,0,1,3,,1,022,"RT 20","HUNTER RD",3696.00,W,N,B,-,Y,COL,3,20,-,-,28.130,H,-,E,Y,1,1,1,2,A,-,05,21650,,N,A,C,A,A,H,-,B,D,0,,,,,Y,,A,01,0,0,1,0,0,0,0,0,0,"- ","- ",39.195689999999999,-122.05956999999999,COLUSA,UNINCORPORATED,-122.05662157,39.195576459999998
90027826,2015,2015-10-19,9155,2015-10-04,0716,013855,,7,1,9,0600,0,1,1,,2,051,"I-5 N/B","HILLGATE RD",5808.00,S,N,A,-,Y,,,5,,,,,,N,Y,2,0,3,3,A,-,01,23152,E,N,C,C,A,A,H,-,A,D,0,,,,,Y,,A,01,2,0,1,0,0,0,0,0,0,"- ","- ",38.997259999999997,-122.04376999999999,COLUSA,UNINCORPORATED,-122.04383738999999,38.997217769999999
91559184,2021,2021-08-31,9155,2021-07-13,0728,020023,,2,1,9,0600,0,1,3,,2,023,SR-20,"WALNUT DR",3168.00,W,N,A,-,Y,,,20,,,,,,,Y,2,0,2,1,A,-,01,23152,F,N,F,A,A,A,H,-,A,D,0,,,,,Y,,D,22,2,0,0,0,0,0,0,0,0,"- ","- ",39.112861633300781,-122.30000305175781,COLUSA,UNINCORPORATED,-122.30001831054688,39.112884521484375
91667327,2021,2021-12-31,9155,2021-12-13,2500,016414,,1,4,9,0600,0,3,5,,2,004,"MOON BEND RD","RT 20",2904.00,E,N,B,C,N,,,,,,,,,,Y,2,0,3,1,A,-,03,22350,,N,E,I,A,B,H,-,D,A,0,,,,,Y,,A,01,1,2,0,0,0,0,0,0,0,"- ","- ",39.195968627929688,-122.98887634277344,COLUSA,UNINCORPORATED,-121.99002075195312,39.195873260498047
91905706,2022,2022-10-31,9155,2022-10-07,1939,021919,,5,2,9,0600,0,1,1,,2,051,"INTERSTATE 5 NORTHBOUND","MYERS ROAD",2640.00,S,N,A,-,Y,COL,,5,,R,13.175,H,,R,Y,2,0,2,2,A,-,01,23152,A,N,A,C,A,A,H,-,D,D,0,,,,,Y,Y,D,23,2,0,0,0,0,0,0,0,0,"- ","- ",39.094631195068359,-122.10817718505859,COLUSA,UNINCORPORATED,-122.10811614990234,39.094661712646484
92395417,2024,2024-05-21,9155,2024-05-12,1700,018981,,7,2,9,0600,0,1,1,,2,051,"I-5 N/B","E ST",1000.00,N,N,A,-,Y,COL,,5," ",R,18.279,H,,R,Y,2,0,1,1,A,-,08,22107,,N,F,A,A,A,H,-,A,D,0,,,,,Y,,A,08,1,0,0,0,0,0,0,0,0,"- ","- ",39.160888671875,-122.14639282226562,COLUSA,UNINCORPORATED,-122.14632415771484,39.160911560058594
91269003,2020,2020-07-15,9155,2020-07-13,0625,016445,,1,1,9,0600,0,3,5,,2,005,"MAXWELL SITES ROAD","DANLEY ROAD",0.00,,Y,A,-,N,,,,,,,,,,Y,2,0,1,2,A,-,01,23152,A,N,D,C,A,A,H,-,B,A,0,,,,Y,Y,Y,A,01,1,0,0,0,0,0,0,0,0,"- ","- ",39.276161193847656,-122.2469482421875,COLUSA,UNINCORPORATED,-122.2469482421875,39.276130676269531
90094602,2015,2016-01-13,9155,2015-12-27,1707,016445,,7,2,9,0600,0,1,3,,1,042,"SR-45 S/B","MAXWELL ROAD",0.00,,Y,A,-,Y,,,45,,,,,,S,Y,1,1,1,2,A,-,09,21801,A,N,D,C,A,A,H,-,B,D,0,,,Y,,Y,,A,01,0,1,0,0,0,0,0,1,0,"- ","- ",39.277749999999997,-122.03557000000001,COLUSA,UNINCORPORATED,-122.03543092,39.277774639999997
91571856,2021,2021-09-16,9155,2021-09-04,1015,020444,,6,1,9,0600,0,3,5,,2,006,"LEESVILLE-LODOGA RD","BEAR VALLEY RD",3696.00,N,N,A,-,N,,,,,,,,,,N,2,0,1,1,A,-,03,22350,,N,F,A,A,A,B,-,A,D,0,,,Y,,Y,,C,02,1,0,0,0,0,0,0,0,1,"- ","- ",39.201309204101562,-122.43466186523438,COLUSA,UNINCORPORATED,-122.43515777587891,39.199230194091797
90817875,2018,2018-09-20,9155,2018-08-22,1345,019560,,3,1,9,0600,0,1,1,,2,052,"I-5 S/B","FAIRVIEW RD",1320.00,S,N,A,-,Y,,,5,,,,,,S,Y,1,1,0,2,A,-,03,22350,,N,C,C,A,A,H,-,A,D,0,,,,Y,Y,,A,07,0,0,0,0,0,0,0,0,0,"- ","- ",39.243408203125,-122.18215179443359,COLUSA,UNINCORPORATED,-122.18210601806641,39.243412017822266
92391960,2024,2024-05-16,9155,2024-05-15,1713,022228,,3,2,9,0600,0,3,5,,2,006,"LEESVILLE RD","RT 20",52800.00,N,N,A,-,N,,,,,,,,,,Y,2,0,1,2,A,-,05,21650,,N,A,C,A,A,H,-,A,D,0,,,Y,,Y,,C,02,1,0,0,0,0,0,0,0,1,"- ","- ",39.167900085449219,-122.40348052978516,COLUSA,UNINCORPORATED,-122.29128265380859,39.120479583740234
92601890,2024,2024-07-25,9155,2024-07-22,1925,022141,,1,2,9,0600,0,1,3,,1,022,"SR-20 E/B","LONESTAR ROAD",739.00,E,N,A,-,Y,COL,,20," "," ",27.075,H,,R,Y,2,0,1,1,A,-,03,22350,,N,F,A,A,A,H,-,A,D,0,,,,,Y,,A,07,1,0,0,0,0,0,0,0,0,"- ","- ",39.195598602294922,-122.07633972167969,COLUSA,UNINCORPORATED,-122.07633972167969,39.195590972900391
90020230,2015,2015-10-19,9155,2015-09-18,2153,019281,,5,2,9,0600,0,3,5,,2,002,"BOLES RD","WYER RD",0.00,W,N,A,-,N,,,,,,,,,,Y,2,0,1,1,A,-,01,23152,A,N,F,I,A,A,H,-,D,D,0,,,,,Y,Y,D,22,1,0,0,0,0,0,0,0,0,"- ","- ",38.983960000000003,-122.1049,COLUSA,UNINCORPORATED,-122.09779991000001,38.984529930000001
90656565,2018,2018-02-07,9155,2018-01-22,1510,016445,,1,2,9,0600,0,1,1,,2,052,"I-5 S/B","DELEVAN RD",3326.00,N,N,A,-,Y,,,5,,,,,,S,Y,1,1,1,1,A,-,08,22107,,N,F,A,A,A,H,-,A,D,0,,,,,Y,,A,07,1,0,0,0,0,0,0,0,0,"- ","- ",39.360881805419922,-122.19319152832031,COLUSA,UNINCORPORATED,-122.19300079345703,39.360881805419922
6857169,2015,2015-04-07,9155,2015-03-07,1315,018157,,6,1,9,0600,0,3,5,,2,006,"FOREST ROUTE M10","FOUTS SPRINGS RD",65472.00,W,N,A,-,N,,,,,,,,,,Y,2,0,1,1,A,-,"- ",,,N,E,I,A,A,H,-,A,D,0,,,Y,,Y,,C,02,1,0,0,0,0,0,0,0,1,"- ","- ",,,COLUSA,UNINCORPORATED,,
92168980,2023,2023-09-13,9155,2023-09-04,"300 ",022121,,1,3,9,0600,0,2,4,,2,011,"OLD HWY 99W","WARE ROAD",710.00,S,N,A,-,N,,,,,,,,,,Y,2,0,1,1,A,-,01,23152,A,N,F,A,A,A,H,-,D,D,0,,,,,Y,Y,A,07,1,0,0,0,0,0,0,0,0,"- ","- ",39.114120483398438,-122.12046051025391,COLUSA,UNINCORPORATED,,
9601501,2023,2023-08-30,0602,2023-08-12,"540 ",P62,2,6,5,2,0602,0,0,0,,0,,"RT 20","HUSTED RD",0.00,,Y,A,-,Y,COL,3,20,-,T,23.177,I,5,E,Y,2,0,1,2,A,-,09,21801,A,N,A,C,A,A,H,-,B,D,0,,,,,Y,,A,01,1,0,0,0,0,0,0,0,0,"- ","- ",,,COLUSA,WILLIAMS,-122.13307189941406,39.173965454101562
91665866,2021,2022-04-25,9155,2021-12-17,0350,021564,,5,3,9,0600,0,1,1,,2,051,"I-5 S/B","HARRINGTON ROAD",220.00,N,N,A,-,Y,,,5,,,,,,S,Y,2,0,3,2,A,-,02,22400,A,N,C,C,A,A,H,-,D,D,0,,,,,Y,,A,08,1,2,0,0,0,0,0,0,0,"- ","- ",38.9552001953125,-122.01902770996094,COLUSA,UNINCORPORATED,-122.01901245117188,38.955211639404297
92045002,2023,2023-04-14,9155,2023-03-31,2030,022647,,5,2,9,0600,0,1,1,,2,051,"INTERSTATE 5 N/B","MYERS RD",750.00,N,N,A,-,Y,COL,,5," ",R,13.893,H,,R,Y,2,0,1,1,A,-,08,22107,,N,E,I,A,A,H,-,D,D,0,,,,,Y,,A,07,1,0,0,0,0,0,0,0,0,"- ","- ",39.103061676025391,-122.11576843261719,COLUSA,UNINCORPORATED,-122.11585998535156,39.103034973144531
7017817,2015,2015-08-18,9155,2015-07-29,1520,017279,,3,2,9,0600,0,3,5,,2,001,"TULE RD","TRAYNHAM RD",528.00,E,N,A,-,N,,,,,,,,,,Y,2,0,1,1,A,-,08,22107,,N,F,A,A,A,H,-,A,D,0,,,,,Y,,A,01,1,0,0,0,0,0,0,0,0,"- ","- ",39.012889999999999,-121.97793,COLUSA,UNINCORPORATED,-121.97867131,39.012854300000001
6658698,2014,2016-07-05,0601,2014-10-19,1221,8438,F,7,5,2,0601,0,0,0,,0,00F,"RT 45","SIOC ST",94.00,N,N,A,-,Y,COL,3,20,-,-,32.420,H,-,W,Y,2,0,2,2,A,-,03,22350,,N,C,C,A,A,H,-,A,D,0,,,,,Y,,A,01,1,0,1,0,0,0,0,0,0,"- ","- ",,,COLUSA,COLUSA,-122.00431459000001,39.204424379999999
90572685,2017,2017-10-18,9155,2017-10-06,1015,015996,,5,1,9,0600,0,2,4,,2,011,"OLD HWY 99W","HAHN RD",1848.00,S,N,A,-,N,,,,,,,,,,Y,2,0,2,2,A,-,08,22107,,N,A,C,A,A,H,-,A,D,0,,,,,Y,,A,01,1,1,0,0,0,0,0,0,0,"- ","- ",39.051789999999997,-122.07971000000001,COLUSA,UNINCORPORATED,-122.08012540999999,39.052375529999999
90911280,2019,2019-01-24,9155,2019-01-14,2500,018127,,1,4,9,0600,0,3,5,,2,006,"MC DERMOTT RD","DIRKS RD",391.00,N,N,F,-,N,,,,,,,,,,Y,2,0,1,1,A,-,08,22107,,N,E,I,A,A,H,-,D,D,0,,,,,Y,,A,01,1,0,0,0,0,0,0,0,0,"- ","- ",39.364940643310547,-122.22955322265625,COLUSA,UNINCORPORATED,-122.22956085205078,39.364315032958984
8939476,2019,2020-01-16,0601,2019-08-13,0852,8441,0601,2,5,2,0601,0,0,0,,0,00B,"RT 20","HARRIS ST",0.00,,Y,A,-,Y,COL,3,20,-,-,30.470,H,-,E,Y,1,1,2,1,A,-,07,21658,A,N,A,I,A,A,H,-,A,D,0,,,,,Y,,D,22,2,0,0,0,0,0,0,0,0,"- ","- ",,,COLUSA,COLUSA,-122.01815032958984,39.206897735595703
91819766,2022,2022-07-18,9155,2022-07-07,1820,021152,,4,2,9,0600,0,3,5,,2,006,"FOUTS SPRING RD","TROUGH SPRING RIDGE",7920.00,S,N,A,-,N,,,,,,,,,,Y,2,0,1,1,A,-,08,22107,,N,F,A,A,A,H,-,A,D,0,,,,,Y,,A,07,1,0,0,0,0,0,0,0,0,"- ","- ",39.362659454345703,-122.65167236328125,COLUSA,UNINCORPORATED,-122.62696838378906,39.364498138427734
94390025,2024,2024-09-11,9155,2024-08-30,1930,022730,,5,2,9,0600,0,2,4,,2,011,"HIGHWAY 99W (FRONTAGE ROAD)","WARE ROAD",1584.00,S,N,A,-,Y,,,,,,,,,,Y,2,0,1,2,A,-,08,22107,,N,B,C,A,A,H,-,A,D,0,,,,Y,Y,,A,01,1,0,0,0,0,0,0,0,0,"- ","- ",39.112308502197266,-122.11933135986328,COLUSA,UNINCORPORATED,,
6685366,2014,2016-06-21,9155,2014-10-11,1607,018739,,6,2,9,0600,0,1,3,,2,023,"RT 20","E ST",7392.00,W,N,A,-,Y,COL,3,20,-,-,19.160,H,-,W,Y,2,0,3,2,A,-,08,22107,,N,D,C,A,A,H,-,A,D,0,,,,,Y,,J,48,2,1,0,0,0,0,0,0,0,"- ","- ",39.152749999999997,-122.19968,COLUSA,UNINCORPORATED,-122.19938938999999,39.15270778
90141390,2016,2016-03-22,9155,2016-03-09,2000,018139,,3,2,9,0600,0,3,5,,2,001,"OLD HWY 99W","GRIMES-ARBUCKLE RD",250.00,S,N,B,-,N,,,,,,,,,,N,2,0,1,2,A,-,08,22107,,F,G,B,E,A,H,-,D,D,0,Y,,,,Y,,-,99,1,0,0,0,1,0,0,0,0,"- ","- ",39.012799999999999,-122.05370000000001,COLUSA,UNINCORPORATED,-122.05340649,39.012269809999999
90727096,2018,2018-05-16,9155,2018-05-05,1750,020482,,6,2,9,0600,0,3,5,,2,001,"GRIMES-ARBUCKLE RD","SYCAMORE SLOUGH RD",1584.00,W,N,A,-,N,,,,,,,,,,Y,2,0,2,2,A,-,03,22350,,N,C,C,A,A,H,-,A,D,0,,,,,Y,,A,01,2,0,0,0,0,0,0,0,0,"- ","- ",39.0323486328125,-121.59597778320312,COLUSA,UNINCORPORATED,-121.99807739257812,39.056564331054688
91672503,2021,2022-01-06,9155,2021-08-13,0305,021564,,5,3,9,0600,0,1,1,,2,051,"I-5 NORTHBOUND","HAHN ROAD",5280.00,S,N,A,-,Y,,,5,,,,,,N,N,1,1,0,2,A,-,11,21954,A,F,G,B,E,A,H,-,D,D,0,Y,,,,Y,Y,N,60,0,0,0,1,0,0,0,0,0,"- ","- ",39.042900085449219,-122.07376098632812,COLUSA,UNINCORPORATED,-122.07382202148438,39.042858123779297
92130764,2023,2023-07-28,9155,2023-07-14,1520,019973,,5,2,9,0600,0,3,5,,2,002,"HILLGATE RD","7TH ST",0.00,,Y,A,-,N,,,,,,,,,,Y,2,0,1,1,A,-,08,22107,,N,E,I,A,A,H,-,A,D,0,,,,,Y,,A,01,1,0,0,0,0,0,0,0,0,"- ","- ",39.012908935546875,-122.05735015869141,COLUSA,UNINCORPORATED,-122.05714416503906,39.012821197509766
90600611,2017,2017-12-13,9155,2017-11-06,1545,016445,,1,2,9,0600,0,3,5,,2,004,"MAXWELL COLUSA ROAD","FOUR MILE RD",1695.00,W,N,A,-,Y,,,,,,,,,,Y,1,1,2,3,A,-,03,22350,,N,C,C,A,A,H,-,A,D,0,,,,,Y,,A,07,0,0,2,0,0,0,0,0,0,"- ","- ",39.275539999999999,-122.12203,COLUSA,UNINCORPORATED,,
92146731,2023,2023-08-17,9155,2023-05-06,"521 ",022033,,6,3,9,0600,0,1,1,,2,052,"INTERSTATE 5 (I-5) SOUTHBOUND","DELEVAN ROAD",3168.00,N,N,B,C,Y,COL,,5," ",R,32.500,H,,L,Y,1,1,0,1,A,-,08,22107,,N,F,I,A,B,H,-,B,D,0,,,,,Y,,A,01,0,0,0,0,0,0,0,0,0,"- ","- ",39.358249664306641,-122.19300842285156,COLUSA,UNINCORPORATED,-122.19302368164062,39.358249664306641