CASE_ID,ACCIDENT_YEAR,PROC_DATE,JURIS,COLLISION_DATE,COLLISION_TIME,OFFICER_ID,REPORTING_DISTRICT,DAY_OF_WEEK,CHP_SHIFT,POPULATION,CNTY_CITY_LOC,SPECIAL_COND,BEAT_TYPE,CHP_BEAT_TYPE,CITY_DIVISION_LAPD,CHP_BEAT_CLASS,BEAT_NUMBER,PRIMARY_RD,SECONDARY_RD,DISTANCE,DIRECTION,INTERSECTION,WEATHER_1,WEATHER_2,STATE_HWY_IND,CALTRANS_COUNTY,CALTRANS_DISTRICT,STATE_ROUTE,ROUTE_SUFFIX,POSTMILE_PREFIX,POSTMILE,LOCATION_TYPE,RAMP_INTERSECTION,SIDE_OF_HWY,TOW_AWAY,COLLISION_SEVERITY,NUMBER_KILLED,NUMBER_INJURED,PARTY_COUNT,PRIMARY_COLL_FACTOR,PCF_CODE_OF_VIOL,PCF_VIOL_CATEGORY,PCF_VIOLATION,PCF_VIOL_SUBSECTION,HIT_AND_RUN,TYPE_OF_COLLISION,MVIW,PED_ACTION,ROAD_SURFACE,ROAD_COND_1,ROAD_COND_2,LIGHTING,CONTROL_DEVICE,CHP_ROAD_TYPE,PEDESTRIAN_ACCIDENT,BICYCLE_ACCIDENT,MOTORCYCLE_ACCIDENT,TRUCK_ACCIDENT,NOT_PRIVATE_PROPERTY,ALCOHOL_INVOLVED,STWD_VEHTYPE_AT_FAULT,CHP_VEHTYPE_AT_FAULT,COUNT_SEVERE_INJ,COUNT_VISIBLE_INJ,COUNT_COMPLAINT_PAIN,COUNT_PED_KILLED,COUNT_PED_INJURED,COUNT_BICYCLIST_KILLED,COUNT_BICYCLIST_INJURED,COUNT_MC_KILLED,COUNT_MC_INJURED,PRIMARY_RAMP,SECONDARY_RAMP,LATITUDE,LONGITUDE,COUNTY,CITY,POINT_X,POINT_Y
8888956,2019,2019-07-18,0602,2019-06-13,1505,P52,2,4,5,2,0602,0,0,0,,0,,"RT 20","MILE MARKER COL 20 21.92",86.00,W,N,A,-,N,,,,,,,,,,Y,2,0,2,2,A,-,01,23153,E,N,A,C,A,A,H,-,A,D,0,,,,,Y,,-,,2,0,0,0,0,0,0,0,0,"- ","- ",,,COLUSA,WILLIAMS,,
90459534,2017,2017-05-19,9155,2017-05-10,1528,016541,,3,2,9,0600,0,1,3,,1,042,SR-45,"PACKER RD",6864.00,N,N,A,-,Y,,,45,,,,,,,Y,1,1,0,1,A,-,08,22107,,N,E,I,A,A,H,-,A,A,0,,,,,Y,,A,07,0,0,0,0,0,0,0,0,0,"- ","- ",39.349330000000002,-122.03203000000001,COLUSA,UNINCORPORATED,-122.03210768,39.349363650000001
6918079,2015,2016-11-07,9155,2015-04-07,1010,17062,,2,1,9,0600,0,1,1,,2,052,"RT 5","FRESHWATER RD",4224.00,N,N,A,-,Y,COL,3,5,-,R,20.110,H,-,S,Y,2,0,2,2,A,-,08,22107,,N,C,C,A,A,H,-,A,D,1,,,,Y,Y,,G,25,1,0,1,0,0,0,0,0,0,"- ","- ",39.183129999999998,-122.16473999999999,COLUSA,UNINCORPORATED,-122.16468922999999,39.183053809999997
94463839,2024,2024-11-08,9155,2024-10-26,2345,022730,,6,3,9,0600,0,3,5,,2,003,"GRIDLEY ROAD","PUTNAM ROAD",3696.00,E,N,B,-,N,,,,,,,,,,Y,2,0,4,1,A,-,01,23152,A,F,E,8,A,A,H,-,D,A,0,,,,,Y,Y,A,01,2,2,0,0,0,0,0,0,0,"- ","- ",39.343711853027344,-121.95108795166016,COLUSA,UNINCORPORATED,-121.95005035400391,39.344429016113281
6746907,2014,2016-06-24,9155,2014-11-28,1030,012512,,5,1,9,0600,0,1,1,,2,052,"RT 5","DELEVAN RD",2640.00,N,N,B,-,Y,COL,3,5,-,R,32.380,H,-,S,Y,2,0,5,1,A,-,08,22107,,N,F,A,A,A,H,-,A,A,1,,,,,Y,,A,01,2,3,0,0,0,0,0,0,0,"- ","- ",39.356900000000003,-122.19302999999999,COLUSA,UNINCORPORATED,-122.19334059000001,39.35654048
91891994,2022,2022-10-17,9155,2022-09-14,1235,020517,,3,1,9,0600,0,1,1,,2,052,"INTERSTATE 5 NORTHBOUND","MAXWELL ROAD",3636.00,N,N,A,-,Y,COL,,5,,R,27.420,H,,R,Y,1,1,0,3,A,-,08,22107,,N,D,C,A,A,H,-,A,D,0,,,,Y,Y,,-,"- ",0,0,0,0,0,0,0,0,0,"- ","- ",39.286220550537109,-122.18403625488281,COLUSA,UNINCORPORATED,-122.18379974365234,39.286243438720703
8619371,2018,2018-05-22,0601,2018-03-27,1807,8447,0601,2,5,2,0601,0,0,0,,0,00D,"FREMONT ST","1ST ST",0.00,,Y,A,-,N,,,,,,,,,,N,2,0,1,2,A,-,12,22450,,N,D,G,A,A,H,-,A,A,0,,Y,,,Y,,L,04,1,0,0,0,0,0,1,0,0,"- ","- ",,,COLUSA,COLUSA,-122.00498962402344,39.206501007080078
90223938,2016,2016-07-15,9155,2016-07-06,0709,012512,,3,1,9,0600,0,1,1,,2,052,"I-5 S/B","DELEVAN RD. O/C",4224.00,N,N,A,-,Y,,,5,,,,,,S,Y,2,0,1,2,A,-,07,21658,A,N,B,C,A,A,H,-,A,A,0,,,,Y,Y,,A,01,1,0,0,0,0,0,0,0,0,"- ","- ",39.360979999999998,-122.19298999999999,COLUSA,UNINCORPORATED,-122.19299871,39.36097985
91008323,2019,2019-06-12,9155,2019-06-01,2200,019973,,6,3,9,0600,0,3,5,,2,001,"GRIMES-ARBUCKLE RD",SR-45,7920.00,W,N,A,-,N,,,,,,,,,,Y,2,0,1,1,A,-,01,23152,A,N,E,I,A,A,H,-,D,D,0,,,,,Y,Y,D,22,1,0,0,0,0,0,0,0,0,"- ","- ",39.062801361083984,-121.92241668701172,COLUSA,UNINCORPORATED,-121.92138671875,39.063026428222656
6606087,2014,2014-09-22,0602,2014-05-31,2120,P45,1,6,5,2,0602,0,0,0,,0,,"RT 20","N VIRGINIA WY",0.00,,Y,A,-,Y,COL,3,20,-,R,21.414,I,5,E,Y,1,1,1,2,A,-,09,21801,A,N,D,C,A,A,H,-,D,A,0,,,Y,,Y,,A,01,0,1,0,0,0,0,0,1,0,"- ","- ",,,COLUSA,WILLIAMS,-122.16093337,39.161119249999999
90599885,2017,2017-11-21,9155,2017-11-14,2025,020224,,2,2,9,0600,0,2,4,,2,010,"LONE STAR RD",SR-20,1848.00,S,N,A,-,N,,,,,,,,,,Y,2,0,1,1,A,-,08,22107,,N,F,A,A,A,H,-,D,D,0,,,,,Y,,A,01,1,0,0,0,0,0,0,0,0,"- ","- ",39.19041,-122.07904000000001,COLUSA,UNINCORPORATED,-122.07886515,39.190595109999997
91162426,2020,2020-01-09,9155,2020-01-05,1740,021343,,7,2,9,0600,0,1,3,,2,023,SR-20,SR-16,0.00,,Y,A,-,Y,,,20,,,,,,,Y,2,0,1,2,A,-,09,21804,A,N,D,C,A,A,H,-,D,D,0,,,,Y,Y,,A,08,1,0,0,0,0,0,0,0,0,"- ","- ",39.013038635253906,-122.35878753662109,COLUSA,UNINCORPORATED,-122.35881042480469,39.013057708740234
91219388,2020,2020-04-01,9155,2020-03-29,0220,021060,,7,3,2,0601,0,3,5,,2,003,"I-5 N/B","FREEWAY UNDERCROSSING RD.",1500.00,N,N,B,-,Y,,,,,,,,,,Y,2,0,1,1,A,-,08,22107,,M,E,I,A,B,H,-,D,D,0,,,,,Y,,A,01,1,0,0,0,0,0,0,0,0,"- ","- ",39.027618408203125,-122.063720703125,COLUSA,COLUSA,-122.06417846679688,39.028182983398438
90572505,2017,2017-11-17,9155,2017-09-21,2230,020322,,4,3,9,0600,0,1,3,,2,023,"SR-20 W/B","SCHAAD RD",2500.00,W,N,A,-,Y,,,20,,,,,,W,Y,1,1,0,1,A,-,01,23152,A,N,F,A,A,A,H,-,D,D,0,,,Y,,Y,Y,C,02,0,0,0,0,0,0,0,1,0,"- ","- ",39.15307,-122.24025,COLUSA,UNINCORPORATED,-122.24022016000001,39.15288966
91303326,2020,2020-09-11,9155,2020-09-05,2200,021152,,6,3,9,0600,0,3,5,,2,006,"SITES LADOGA ROAD","PETERSON ROAD",24816.00,N,N,A,-,N,,,,,,,,,,Y,2,0,2,1,A,-,01,23152,A,N,F,A,A,A,H,-,D,D,0,,,,,Y,Y,D,22,2,0,0,0,0,0,0,0,0,"- ","- ",39.352890014648438,-122.38894653320312,COLUSA,UNINCORPORATED,-122.39588165283203,39.354377746582031
91088870,2019,2019-10-02,9155,2019-09-30,1615,019973,,1,2,9,0600,0,3,5,,2,002,"WILDWOOD RD","COUNTY LINE ROAD",750.00,N,N,A,-,N,,,,,,,,,,Y,2,0,2,2,A,-,03,22350,,N,C,C,A,A,H,-,A,D,0,,,,,Y,,A,01,1,1,0,0,0,0,0,0,0,"- ","- ",38.927921295166016,-122.06105804443359,COLUSA,UNINCORPORATED,-122.06109619140625,38.927921295166016
9557640,2023,2023-07-07,0602,2023-06-19,2120,P64,4,1,5,2,0602,0,0,0,,0,,"FRANKLIN DR","VANN ST",0.00,,Y,A,-,N,,,,,,,,,,N,2,0,1,2,A,-,05,21650,,N,D,C,A,A,H,-,C,D,0,,,,Y,Y,,M,94,1,0,0,0,0,0,0,0,0,"- ","- ",,,COLUSA,WILLIAMS,-122.13796234130859,39.154716491699219
9778508,2024,2025-02-07,0602,2024-10-28,1120,P57,1,1,5,2,0602,0,0,0,,0,,"RT 20","E ST",0.00,,Y,A,-,Y,COL,3,20,-,T,20.540,H,-,E,Y,2,0,2,2,A,-,09,21802,A,N,D,C,A,A,H,-,A,A,0,,,,,Y,,A,01,2,0,0,0,0,0,0,0,0,"- ","- ",,,COLUSA,WILLIAMS,-122.17386627197266,39.153347015380859
91223268,2020,2020-04-08,9155,2020-03-29,1630,020444,,7,2,9,0600,0,1,1,,2,052,"I-5 N/B","LURLINE AVE",3168.00,S,N,B,-,Y,,,5,,,,,,N,Y,2,0,4,1,A,-,08,22107,,N,E,I,A,A,H,-,A,A,0,,,,,Y,,A,07,3,0,1,0,0,0,0,0,0,"- ","- ",39.210289001464844,-122.18013000488281,COLUSA,UNINCORPORATED,-122.18020629882812,39.21026611328125
91474955,2021,2021-05-27,9155,2021-04-27,1537,017900,,2,2,9,0600,0,1,3,,2,023,SR-20,"STATE HIGHWAY 16",18322.00,E,N,A,-,Y,,,20,,,,,,,Y,1,1,2,3,A,-,01,23152,A,N,B,C,A,A,H,-,A,D,0,,,,,Y,Y,A,07,2,0,0,0,0,0,0,0,0,"- ","- ",39.055431365966797,-122.34384918212891,COLUSA,UNINCORPORATED,-122.3438720703125,39.055416107177734
91513956,2021,2021-07-06,9155,2021-06-24,1453,020444,,4,2,9,0600,0,1,3,,1,022,"STATE ROUTE 20","LONE STAR RD",4224.00,W,N,A,-,Y,,,20,,,,,,,Y,2,0,1,1,A,-,08,22107,,N,F,A,A,A,H,-,A,A,0,,,Y,,Y,Y,C,02,1,0,0,0,0,0,0,0,1,"- ","- ",39.195110321044922,-122.09335327148438,COLUSA,UNINCORPORATED,-122.09346008300781,39.195705413818359
9432699,2022,2022-08-29,0601,2022-07-16,0116,8452,0601,6,5,2,0601,0,0,0,,0,00E,"RT 20","WILL S GREEN AV",429.00,E,N,A,-,Y,COL,3,20,-,-,30.090,H,-,E,Y,2,0,1,1,A,-,03,22350,,N,H,J,A,A,H,-,C,D,0,,,,,Y,Y,A,07,1,0,0,0,0,0,0,0,0,"- ","- ",,,COLUSA,COLUSA,-122.02256774902344,39.202804565429688
90184014,2016,2016-05-20,9155,2016-05-10,1045,016445,,2,1,9,0600,0,3,5,,2,005,"DANLEY LATERAL RD","DANLEY RD",1745.00,W,N,A,-,N,,,,,,,,,,Y,1,1,0,1,A,-,08,22107,,N,F,A,A,A,H,-,A,D,0,,,,Y,Y,,F,79,0,0,0,0,0,0,0,0,0,"- ","- ",39.226100000000002,-122.25257999999999,COLUSA,UNINCORPORATED,-122.25253023,39.225978640000001
92404573,2024,2024-06-03,9155,2024-05-25,2340,021152,,6,3,9,0600,0,1,3,,2,023,"STATE HIGHWAY 20","STATE HIGHWAY 16",5280.00,E,N,A,-,Y,COL,,20," "," ",4.491,H,,R,Y,2,0,2,1,A,-,01,23153,A,N,E,I,A,A,H,-,D,D,0,,,,,Y,Y,A,01,1,0,1,0,0,0,0,0,0,"- ","- ",39.023540496826172,-122.34761810302734,COLUSA,UNINCORPORATED,-122.34761047363281,39.02349853515625
90032530,2015,2015-10-19,9155,2015-10-05,1130,013855,,1,1,9,0600,0,1,3,,2,023,"SR-20 E/B","WALNUT DR",11088.00,W,N,A,-,Y,,,20,,,,,,E,Y,2,0,1,4,A,-,05,21460,A,N,A,C,A,A,H,-,A,D,0,,,,Y,Y,,D,22,1,0,0,0,0,0,0,0,0,"- ","- ",39.105690000000003,-122.32122,COLUSA,UNINCORPORATED,-122.32121634000001,39.105669200000001
92027144,2023,2023-03-23,9155,2023-03-11,1310,019973,,6,1,9,0600,0,1,1,,2,051,"INTERSTATE-5 N/B","E ST",1600.00,S,N,C,-,Y,COL,,5," ",R,17.692,H,,L,N,2,0,1,1,A,-,08,22107,,N,E,I,A,B,H,-,A,D,0,,,,,Y,,D,22,1,0,0,0,0,0,0,0,0,"- ","- ",39.153030395507812,-122.14205169677734,COLUSA,UNINCORPORATED,-122.14197540283203,39.153057098388672
94606715,2025,2025-03-18,9155,2025-03-01,1147,024323,,6,1,9,0600,0,3,5,,2,002,"HANKINS RD","HILL RD",1124.00,W,N,A,-,N,,,,,,,,,,N,2,0,3,1,A,-,08,22107,,N,F,A,A,A,H,-,A,D,0,,,Y,,Y,,C,06,3,0,0,0,0,0,0,0,3,"- ","- ",39.126590728759766,-122.18923950195312,COLUSA,UNINCORPORATED,-122.18922424316406,39.126617431640625
7060948,2015,2017-01-14,9155,2015-09-26,1515,019164,,6,2,9,0600,0,1,3,,1,022,"RT 20","WILSON AV",0.00,,Y,A,-,Y,COL,3,20,-,-,29.195,I,5,W,Y,2,0,4,2,A,-,09,21801,A,N,D,C,A,A,H,-,A,D,0,,,,,Y,,A,01,1,2,1,0,0,0,0,0,0,"- ","- ",39.196629999999999,-122.03743,COLUSA,UNINCORPORATED,-122.03750127000001,39.19656406
9793906,2025,2025-03-19,0601,2025-02-10,1900,8458,0601,1,5,2,0601,0,0,0,,0,00D,"FREMONT ST","2ND ST",0.00,,Y,A,-,N,,,,,,,,,,N,2,0,1,2,A,-,11,21954,A,N,G,B,D,A,H,-,D,D,0,Y,,,,Y,Y,N,60,1,0,0,0,1,0,0,0,0,"- ","- ",,,COLUSA,COLUSA,-122.00633239746094,39.206798553466797
91247471,2020,2020-06-04,9155,2020-04-15,2230,021564,,3,3,9,0600,0,1,3,,1,021,SR-20,"SYCAMORE CUT OFF",1320.00,W,N,A,-,Y,,,20,,,,,,,Y,1,1,0,1,A,-,01,23152,A,N,E,I,A,A,H,-,D,D,0,,,,,Y,Y,A,01,0,0,0,0,0,0,0,0,0,"- ","- ",39.146049499511719,-121.9473876953125,COLUSA,UNINCORPORATED,-121.94738006591797,39.146110534667969
91347901,2020,2020-11-18,9155,2020-11-11,0310,020482,,3,3,9,0600,0,2,4,,2,010,"LONE STAR RD","MYERS RD",4752.00,S,N,A,-,N,,,,,,,,,,Y,2,0,1,1,A,-,01,23152,F,N,E,I,A,A,H,-,A,D,0,,,,,Y,,A,07,1,0,0,0,0,0,0,0,0,"- ","- ",39.090110778808594,-122.07884216308594,COLUSA,UNINCORPORATED,-122.07884216308594,39.087871551513672
90414552,2017,2017-03-17,9155,2017-03-13,0530,018981,,1,3,9,0600,0,1,3,,1,022,SR-20,"LONE STAR RD",0.00,,Y,A,-,Y,,,20,,,,,,,Y,2,0,2,2,A,-,09,21801,A,N,D,C,A,A,H,-,C,D,0,,,,,Y,,A,01,1,0,1,0,0,0,0,0,0,"- ","- ",39.195650000000001,-122.07884,COLUSA,UNINCORPORATED,-122.07883816,39.195697420000002
92062500,2023,2023-05-05,9155,2023-04-28,"610 ",019973,,5,1,9,0600,0,3,5,,2,002,"OLD HWY 99W","GRIMES-ARBUCKLE RD",1800.00,S,N,A,-,N,,,,,,,,,,Y,2,0,2,2,A,-,08,22107,,N,A,C,A,A,H,-,B,D,0,,,,,Y,,A,01,2,0,0,0,0,0,0,0,0,"- ","- ",39.008201599121094,-122.05077362060547,COLUSA,UNINCORPORATED,,
8069683,2016,2017-02-11,0602,2016-06-19,1223,P49,2,7,5,2,0602,0,0,0,,0,,"RT 20","RT 5",0.00,,Y,A,-,Y,COL,3,20,-,R,22.244,I,5,E,Y,2,0,3,2,A,-,09,21802,A,N,D,C,A,A,H,-,A,A,0,,,,,Y,,A,07,1,1,1,0,0,0,0,0,0,"- ",NF,,,COLUSA,WILLIAMS,-122.14800294,39.167545660000002
94479053,2024,2024-11-21,9155,2024-08-07,"620 ",022228,,3,1,9,0600,0,3,5,,2,003,"RIVER RD","LAUX RD",190.00,N,N,A,-,N,,,,,,,,,,N,1,1,0,2,A,-,05,21460,A,N,C,C,A,A,H,-,A,D,0,,,,,Y,,-,"- ",0,0,0,0,0,0,0,0,0,"- ","- ",39.2459716796875,-121.99507904052734,COLUSA,UNINCORPORATED,-121.99501800537109,39.246002197265625
90560039,2017,2017-10-03,9155,2017-09-16,1425,012512,,6,2,9,0600,0,1,1,,2,052,"I-5 N/B","LENAHAN ROAD",1676.00,N,N,A,-,Y,,,5,,,,,,N,Y,2,0,3,2,A,-,08,22107,,N,B,C,A,A,H,-,A,D,0,,,,,Y,,D,22,2,0,1,0,0,0,0,0,0,"- ","- ",39.339289999999998,-122.19473000000001,COLUSA,UNINCORPORATED,-122.19467225,39.339290769999998
91475245,2021,2021-05-27,9155,2021-05-08,1100,019973,,6,1,9,0600,0,3,5,,2,004,"FOREST ROUTE 17N05","LODOGA-STONYFORD RD.",0.00,,N,A,-,N,,,,,,,,,,N,2,0,1,1,A,-,08,22107,,N,F,A,A,A,H,-,A,D,0,,,Y,,Y,,C,06,1,0,0,0,0,0,0,0,1,"- ","- ",39.311798095703125,-122.60356903076172,COLUSA,UNINCORPORATED,,
90748612,2018,2018-06-14,9155,2018-06-09,0740,019973,,6,1,9,0600,0,3,5,,2,002,"WYER RD","YOUNG AVE",200.00,N,N,A,-,N,,,,,,,,,,Y,2,0,1,1,A,-,08,22107,,N,F,A,A,A,H,-,A,D,0,,,,,Y,,D,22,1,0,0,0,0,0,0,0,0,"- ","- ",38.972179412841797,-122.09761810302734,COLUSA,UNINCORPORATED,-122.09769439697266,38.973369598388672
91284768,2020,2020-10-12,9155,2020-07-30,1230,018818,,4,1,9,0600,0,1,3,,2,041,SR-20,"SYCAMORE CUTOFF",0.00,,Y,A,-,Y,,,,,,,,,,Y,1,2,2,2,A,-,09,21801,A,N,A,C,A,A,H,-,A,A,0,,,,,Y,,D,22,1,0,1,0,0,0,0,0,0,"- ","- ",39.14691162109375,-122.94252777099609,COLUSA,UNINCORPORATED,-121.94255828857422,39.146038055419922
91870666,2022,2022-09-22,9155,2022-06-23,1625,021152,,4,2,9,0600,0,3,5,,2,006,"BUTTE SLOUGH RD","RIVER RD",2640.00,E,N,A,-,N,,,,,,,,,,N,1,1,0,1,A,-,08,22107,,N,E,I,A,A,H,-,A,D,0,,,,,Y,,A,01,0,0,0,0,0,0,0,0,0,"- ","- ",39.212959289550781,-121.99124145507812,COLUSA,UNINCORPORATED,-121.99136352539062,39.21331787109375
90008829,2015,2015-10-19,9155,2015-07-31,2500,018981,,5,4,9,0600,0,3,5,,2,006,"COLUSI LN","ANDRES CT",150.00,S,N,A,-,N,,,,,,,,,,Y,2,0,1,1,A,-,08,22107,,N,E,I,A,A,H,-,A,D,0,,,,,Y,,A,08,1,0,0,0,0,0,0,0,0,"- ","- ",39.31382,-122.51202000000001,COLUSA,UNINCORPORATED,-122.51205324999999,39.313469660000003
7061464,2015,2017-01-14,9155,2015-09-16,0715,017613,,3,1,9,0600,0,1,3,,2,023,"RT 20","WALNUT DR",8448.00,W,N,B,-,Y,COL,3,20,-,-,11.680,H,-,E,Y,2,0,2,2,A,-,08,22107,,N,A,C,A,A,H,-,A,D,0,,,,Y,Y,,A,01,1,0,1,0,0,0,0,0,0,"- ","- ",39.106090000000002,-122.31269,COLUSA,UNINCORPORATED,-122.30883360999999,39.107408880000001
90283562,2016,2017-06-16,9155,2016-09-29,1125,015996,,4,1,9,0600,0,3,5,,2,002,"WILDWOOD RD","GREENBAY RD",209.00,N,N,A,-,N,,,,,,,,,,Y,1,1,2,5,A,-,03,22350,,N,C,C,E,A,H,-,A,D,0,Y,,,,Y,,A,01,0,0,2,0,1,0,0,0,0,"- ","- ",38.966009999999997,-122.0609,COLUSA,UNINCORPORATED,-122.06085861,38.96598401
91522149,2021,2021-07-16,9155,2021-07-11,0325,021152,,7,3,9,0600,0,3,5,,2,005,"OLD HWY 99W","NORTH STREET",1056.00,N,N,A,-,N,,,,,,,,,,Y,2,0,1,1,A,-,01,23152,F,N,E,I,A,A,H,-,D,D,0,,,,,Y,,A,08,1,0,0,0,0,0,0,0,0,"- ","- ",39.283279418945312,-122.19133758544922,COLUSA,UNINCORPORATED,-122.19416809082031,39.281761169433594
94685285,2024,2025-05-13,9155,2024-12-23,"820 ",022201,,1,1,9,0600,0,1,3,,2,023,"SR-20 W/B","MILE POST MARKER 12.21",94.00,W,N,B,-,Y,COL,,20," "," ",12.139,H,,L,Y,1,1,1,2,A,-,03,22350,,N,D,C,A,B,H,-,A,D,0,,,,,Y,,A,01,0,0,1,0,0,0,0,0,0,"- ","- ",39.108180999755859,-122.30513000488281,COLUSA,UNINCORPORATED,-122.30510711669922,39.108165740966797
90558464,2017,2017-11-29,9155,2017-09-18,0120,01873,,1,3,9,0600,0,1,3,,2,023,SR-20,"WALNUT DR",14784.00,W,N,A,-,Y,,,20,,,,,,,Y,1,1,0,1,A,-,01,23152,A,N,F,I,A,A,H,-,D,D,0,,,,,Y,Y,D,22,0,0,0,0,0,0,0,0,0,"- ","- ",39.102350000000001,-122.33553999999999,COLUSA,UNINCORPORATED,-122.33553714999999,39.102346529999998
90695557,2018,2018-03-30,9155,2018-03-22,1810,020482,,4,2,9,0600,0,1,3,,2,023,SR-20,SR-16,5280.00,W,N,A,-,Y,,,20,,,,,,,Y,2,0,1,1,A,-,08,22107,,N,E,I,A,A,H,-,A,D,0,,,,,Y,,A,01,1,0,0,0,0,0,0,0,0,"- ","- ",39.012531280517578,-122.37600708007812,COLUSA,UNINCORPORATED,-122.37599945068359,39.012569427490234
90798838,2018,2018-08-27,9155,2018-08-19,0200,020735,,7,3,9,0600,0,1,1,,2,052,"I-5 S/B","LENAHAN RD",970.00,N,N,A,-,Y,,,5,,,,,,S,Y,2,0,1,1,A,-,08,22107,,N,A,I,A,A,H,-,D,D,0,,,,,Y,,A,07,1,0,0,0,0,0,0,0,0,"- ","- ",39.335639953613281,-122.19506072998047,COLUSA,UNINCORPORATED,-122.19499969482422,39.335639953613281
91261267,2020,2020-07-01,9155,2020-06-21,1605,018981,,7,2,9,0600,0,3,5,,2,005,"MILLS ORCHARD RD","MAXWELL SITES RD",6072.00,S,N,A,-,N,,,,,,,,,,N,2,0,1,1,A,-,03,22350,,N,F,A,A,A,H,-,A,D,0,,,Y,,Y,,C,02,1,0,0,0,0,0,0,0,1,"- ","- ",39.259269714355469,-122.27483367919922,COLUSA,UNINCORPORATED,-122.27481842041016,39.259334564208984
90424708,2017,2017-04-06,9155,2017-03-21,1648,017062,,2,2,9,0600,0,1,1,,2,051,"I-5 N/B","HARRINGTON AVE.",1056.00,S,N,B,C,Y,,,,,,,,,,Y,2,0,1,1,A,-,08,22107,,N,E,I,A,B,H,-,A,D,0,,,,,Y,,A,07,1,0,0,0,0,0,0,0,0,"- ","- ",39.952620000000003,-122.01681000000001,COLUSA,UNINCORPORATED,-122.01649986,38.952476470000001
91247795,2020,2020-06-05,9155,2020-06-04,0035,021564,,4,3,9,0600,0,1,1,,2,051,"I-5 N/B","HILLGATE RD UNDERCROSSING",60.00,S,N,A,-,Y,,,5,,,,,,N,Y,2,0,5,1,A,-,08,22107,,N,E,I,A,A,H,-,C,D,0,,,,,Y,,A,07,1,1,3,0,0,0,0,0,0,"- ","- ",39.013721466064453,-122.05593109130859,COLUSA,UNINCORPORATED,-122.05593872070312,39.013706207275391
6290731,2014,2014-06-17,9155,2014-01-04,2200,16541,,6,3,9,0600,0,2,4,,2,010,"LONE STAR RD","MYERS RD",3904.00,S,N,A,-,N,,,,,,,,,,Y,1,1,0,1,A,-,08,22107,,N,E,I,A,A,H,-,D,D,0,,,,,Y,,A,01,0,0,0,0,0,0,0,0,0,"- ","- ",39.09028,-122.07897,COLUSA,UNINCORPORATED,-122.07886816,39.090198620000002
9650543,2023,2025-07-23,0602,2023-12-22,1345,P63,2,5,5,2,0602,0,0,0,,0,,"RT 20","RT 5",0.00,,Y,A,-,Y,COL,3,20,-,R,22.244,I,5,E,Y,1,1,0,2,A,-,12,22450,A,N,D,C,A,A,H,-,A,A,0,,,,,Y,,A,01,0,0,0,0,0,0,0,0,0,"- ",NF,,,COLUSA,WILLIAMS,-122.14792633056641,39.167579650878906
90980948,2019,2019-05-02,9155,2019-05-01,0850,016445,,3,1,9,0600,0,1,1,,2,052,"I-5 N/B","DELEVAN RD",1056.00,N,N,A,-,Y,,,5,,,,,,N,Y,2,0,1,1,A,-,08,22107,,N,F,A,A,A,H,-,A,D,0,,,,,Y,,D,22,1,0,0,0,0,0,0,0,0,"- ","- ",39.351978302001953,-122.19432830810547,COLUSA,UNINCORPORATED,-122.19447326660156,39.352016448974609
90478247,2017,2017-06-28,9155,2017-06-12,1215,018866,,1,1,9,0600,0,3,5,,2,006,"LODOGA-STONYFORD RD.","GOAT MOUNTAIN RD.",10560.00,N,N,B,-,N,,,,,,,,,,Y,2,0,1,1,A,-,08,22107,,N,F,A,A,A,H,-,A,D,0,,,Y,,Y,,C,02,1,0,0,0,0,0,0,0,1,"- ","- ",39.327179999999998,-122.53623,COLUSA,UNINCORPORATED,,
90686226,2018,2018-03-20,9155,2018-03-09,2030,020686,,5,2,9,0600,0,3,5,,2,006,"LODOGA-STONYFORD RD.","LAKE PARK DR",83.00,W,N,A,-,N,,,,,,,,,,Y,2,0,1,1,A,-,01,23152,A,N,E,I,A,A,H,-,D,D,0,,,,,Y,Y,A,01,1,0,0,0,0,0,0,0,0,"- ","- ",39.301078796386719,-122.51882934570312,COLUSA,UNINCORPORATED,-122.51866149902344,39.301048278808594