CASE_ID,ACCIDENT_YEAR,PROC_DATE,JURIS,COLLISION_DATE,COLLISION_TIME,OFFICER_ID,REPORTING_DISTRICT,DAY_OF_WEEK,CHP_SHIFT,POPULATION,CNTY_CITY_LOC,SPECIAL_COND,BEAT_TYPE,CHP_BEAT_TYPE,CITY_DIVISION_LAPD,CHP_BEAT_CLASS,BEAT_NUMBER,PRIMARY_RD,SECONDARY_RD,DISTANCE,DIRECTION,INTERSECTION,WEATHER_1,WEATHER_2,STATE_HWY_IND,CALTRANS_COUNTY,CALTRANS_DISTRICT,STATE_ROUTE,ROUTE_SUFFIX,POSTMILE_PREFIX,POSTMILE,LOCATION_TYPE,RAMP_INTERSECTION,SIDE_OF_HWY,TOW_AWAY,COLLISION_SEVERITY,NUMBER_KILLED,NUMBER_INJURED,PARTY_COUNT,PRIMARY_COLL_FACTOR,PCF_CODE_OF_VIOL,PCF_VIOL_CATEGORY,PCF_VIOLATION,PCF_VIOL_SUBSECTION,HIT_AND_RUN,TYPE_OF_COLLISION,MVIW,PED_ACTION,ROAD_SURFACE,ROAD_COND_1,ROAD_COND_2,LIGHTING,CONTROL_DEVICE,CHP_ROAD_TYPE,PEDESTRIAN_ACCIDENT,BICYCLE_ACCIDENT,MOTORCYCLE_ACCIDENT,TRUCK_ACCIDENT,NOT_PRIVATE_PROPERTY,ALCOHOL_INVOLVED,STWD_VEHTYPE_AT_FAULT,CHP_VEHTYPE_AT_FAULT,COUNT_SEVERE_INJ,COUNT_VISIBLE_INJ,COUNT_COMPLAINT_PAIN,COUNT_PED_KILLED,COUNT_PED_INJURED,COUNT_BICYCLIST_KILLED,COUNT_BICYCLIST_INJURED,COUNT_MC_KILLED,COUNT_MC_INJURED,PRIMARY_RAMP,SECONDARY_RAMP,LATITUDE,LONGITUDE,COUNTY,CITY,POINT_X,POINT_Y
91999262,2023,2023-02-21,9155,2023-02-09,1125,019973,,4,1,9,0600,0,1,1,,2,051,"INTERSTATE 5 (I-5)","E ST",7920.00,S,N,A,-,Y,COL,,5," ",R,16.935,H,,R,N,2,0,2,2,A,-,08,22107,,N,A,C,A,A,H,-,A,D,0,,,,,Y,,D,22,1,1,0,0,0,0,0,0,0,"- ","- ",39.143199920654297,-122.13629913330078,COLUSA,UNINCORPORATED,-122.13628387451172,39.143203735351562
90353388,2016,2016-12-27,9155,2016-10-20,1946,019447,,4,2,9,0600,0,3,5,,2,004,"LURLINE AVE","JAMESON RD",4224.00,E,N,A,-,N,,,,,,,,,,Y,1,2,1,1,A,-,03,22350,,N,E,I,A,A,H,-,D,D,0,,,,,Y,,A,07,1,0,0,0,0,0,0,0,0,"- ","- ",39.217329999999997,-122.06122000000001,COLUSA,UNINCORPORATED,-122.06260442999999,39.217359999999999
94640950,2025,2025-04-08,9155,2025-04-02,"10  ",024323,,3,3,9,0600,0,1,3,,2,023,"STATE HIGHWAY 20","SCHAAD RD",3900.00,W,N,A,-,Y,COL,,20," "," ",16.958,H,,R,Y,2,0,1,1,A,-,03,22350,,N,F,I,A,A,H,-,D,D,0,,,,,Y,,A,07,1,0,0,0,0,0,0,0,0,"- ","- ",39.152961730957031,-122.24021148681641,COLUSA,UNINCORPORATED,-122.24018859863281,39.15289306640625
90834111,2018,2018-10-11,9155,2018-10-07,0055,021060,,7,3,9,0600,0,3,5,,2,002,"HILLGATE RD","WHISKEY CREEK RD",528.00,W,N,A,-,N,,,,,,,,,,Y,2,0,2,1,A,-,08,22107,,N,E,I,A,A,H,-,D,D,0,,,,,Y,,A,01,1,1,0,0,0,0,0,0,0,"- ","- ",39.012168884277344,-122.11965942382812,COLUSA,UNINCORPORATED,-122.11879730224609,39.012229919433594
91742247,2021,2022-04-06,9155,2021-12-22,1645,018981,,3,2,9,0600,0,3,5,,2,003,"BUTTE SLOUGH ROAD","MARTY ROAD",6220.00,W,N,B,-,N,,,,,,,,,,Y,1,1,0,1,A,-,01,23152,,N,E,I,A,A,H,-,B,D,0,,,,,Y,Y,D,22,0,0,0,0,0,0,0,0,0,"- ","- ",39.194019317626953,-121.95364379882812,COLUSA,UNINCORPORATED,-121.95471954345703,39.193660736083984
6538615,2014,2014-07-21,9155,2014-04-26,1400,12512,,6,2,9,0600,0,3,5,,2,006,"FOREST ROUTE 18N06","DAVIS FLAT CAMPGROUND",26400.00,S,N,A,-,N,,,,,,,,,,N,2,0,1,1,A,-,"- ",,,N,F,I,A,A,H,-,A,A,0,,,Y,,Y,,C,06,1,0,0,0,0,0,0,0,1,"- ","- ",,,COLUSA,UNINCORPORATED,,
91274868,2020,2020-08-07,9155,2020-07-19,1640,019973,,7,2,9,0600,0,3,5,,2,001,"ABEL RD","LONE STAR RD",0.00,,N,A,-,N,,,,,,,,,,Y,2,0,1,1,A,-,01,23152,A,N,E,I,A,A,H,-,A,D,0,,,,,Y,Y,D,22,1,0,0,0,0,0,0,0,0,"- ","- ",39.145111083984375,-122.08795166015625,COLUSA,UNINCORPORATED,-122.07862091064453,39.144969940185547
91458316,2021,2021-05-27,9155,2021-04-14,2245,021564,,3,3,9,0600,0,3,5,,2,006,"FOREST RTE 17N15","FOREST ROUTE 18N07",1056.00,E,N,A,-,N,,,,,,,,,,N,2,0,2,1,A,-,01,23152,A,N,F,A,A,A,H,-,D,D,0,,,Y,,Y,Y,C,06,1,1,0,0,0,0,0,0,2,"- ","- ",39.337360382080078,-122.63783264160156,COLUSA,UNINCORPORATED,,
6370467,2014,2015-11-14,9155,2014-01-15,0500,018895,,3,3,9,0600,0,1,1,,2,051,"RT 5","HILLGATE RD",6336.00,S,N,A,-,Y,COL,3,5,-,R,5.170,H,-,N,Y,2,0,2,1,A,-,08,22107,,N,F,A,A,A,H,-,D,D,1,,,,,Y,,A,01,1,1,0,0,0,0,0,0,0,"- ","- ",38.992699999999999,-122.04142,COLUSA,UNINCORPORATED,-122.04083681,38.992664900000001
92288393,2024,2024-01-16,9155,2024-01-14,1215,018981,,7,1,9,0600,0,2,S,,2,008,"DIRT TRAIL","FOREST ROUTE 17N03",100.00,S,N,B,-,N,,,,,,,,,,N,2,0,1,1,B,-,22,,,N,F,A,A,B,H,-,A,D,0,,,Y,,Y,,C,02,1,0,0,0,0,0,0,0,1,"- ","- ",39.320690155029297,-122.62418365478516,COLUSA,UNINCORPORATED,,
94428016,2024,2024-10-11,9155,2024-10-09,1150,021152,,3,1,9,0600,0,1,1,,2,052,"INTERSTATE 5","MAXWELL COLUSA RD",5280.00,N,N,A,-,Y,COL,,5," ",R,27.675,H,,R,Y,2,0,1,1,A,-,08,22107,,N,E,I,A,A,H,-,A,D,0,,,,,Y,,A,07,1,0,0,0,0,0,0,0,0,"- ","- ",39.289909362792969,-122.18441772460938,COLUSA,UNINCORPORATED,-122.18435668945312,39.2899169921875
92261911,2023,2023-12-14,9155,2023-12-09,1555,021343,,6,2,9,0600,0,3,5,,2,001,"COLLEGE CITY ROAD","FRIEL ROAD",1320.00,N,N,A,-,N,,,,,,,,,,N,2,0,1,1,A,-,01,23152,A,M,E,I,A,A,H,-,A,D,0,,,,,Y,Y,D,22,1,0,0,0,0,0,0,0,0,"- ","- ",38.99517822265625,-122.00718688964844,COLUSA,UNINCORPORATED,-122.00711059570312,38.994884490966797
6542297,2014,2016-03-24,9155,2014-06-21,0354,018783,,6,3,9,0600,0,1,1,,2,052,"RT 5","MAXWELL RD",2640.00,S,N,A,-,Y,COL,3,5,-,R,26.220,H,-,S,Y,2,0,1,1,A,-,08,22107,,N,F,A,A,A,H,-,D,D,1,,,,,Y,,D,22,1,0,0,0,0,0,0,0,0,"- ","- ",39.268169999999998,-122.18235,COLUSA,UNINCORPORATED,-122.1825509,39.268925029999998
91466576,2021,2021-05-27,9155,2021-04-25,1215,019973,,7,1,9,0600,0,3,5,,2,002,"CORTINA SCHOOL RD","SAND CREEK RD",250.00,S,N,B,-,N,,,,,,,,,,N,2,0,2,2,A,-,08,22107,,N,B,C,A,A,H,-,A,D,0,,,Y,,Y,,C,06,2,0,0,0,0,0,0,0,2,"- ","- ",39.017208099365234,-122.14318084716797,COLUSA,UNINCORPORATED,-122.14317321777344,39.017505645751953
91317250,2020,2020-10-05,9155,2020-09-24,1500,021152,,4,2,9,0600,0,1,3,,2,023,SR-20,"SCHAAD ROAD",1584.00,W,N,A,-,Y,,,20,,,,,,,Y,2,0,1,1,A,-,01,23152,F,N,E,I,A,A,H,-,A,D,0,,,,,Y,,A,01,1,0,0,0,0,0,0,0,0,"- ","- ",39.152980804443359,-122.23526763916016,COLUSA,UNINCORPORATED,-122.23526763916016,39.152923583984375
92062335,2023,2023-05-05,9155,2023-04-23,"37  ",022121,,7,3,9,0600,0,1,1,,2,052,"INTERSTATE 5 N/B","OLD HWY 99W",861.00,N,N,A,-,Y,COL,,5," ",R,29.497,H,,R,Y,2,0,2,1,A,-,08,22107,,N,F,I,A,A,H,-,D,D,0,,,,,Y,,A,01,2,0,0,0,0,0,0,0,0,"- ","- ",39.315059661865234,-122.19320678710938,COLUSA,UNINCORPORATED,-122.19328308105469,39.315036773681641
92602505,2024,2024-07-25,9155,2024-07-13,"715 ",019973,,6,1,9,0600,0,1,3,,2,023,"SR-20 W/B",SR-16,13992.00,E,N,A,-,Y,COL,,20," "," ",6.119,H,,L,Y,2,0,1,2,A,-,01,23152,A,M,B,C,A,A,H,-,A,D,0,,,,Y,Y,Y,A,01,1,0,0,0,0,0,0,0,0,"- ","- ",39.043838500976562,-122.34075164794922,COLUSA,UNINCORPORATED,-122.34075164794922,39.043838500976562
92235914,2023,2023-11-14,9155,2023-09-01,"605 ",019973,,5,1,9,0600,0,1,3,,2,023,"STATE ROUTE 20","KING RD",1900.00,W,N,A,-,Y,COL,,20," "," ",15.571,H,,R,Y,1,1,1,2,A,-,06,21751,,N,A,C,A,A,H,-,D,D,0,,,,Y,Y,,-,"- ",0,0,1,0,0,0,0,0,0,"- ","- ",39.14556884765625,-122.2625732421875,COLUSA,UNINCORPORATED,-122.2625732421875,39.145572662353516
91786492,2022,2022-10-05,9155,2022-05-19,2221,021919,,4,3,9,0600,0,1,3,,1,021,"STATE ROUTE 20","MOON BEND ROAD",730.00,E,N,A,-,Y,,,,,,,,,,N,2,0,1,4,A,-,08,22107,,N,G,C,E,A,H,-,C,D,0,Y,,,,Y,,A,01,1,0,0,0,1,0,0,0,0,"- ","- ",,,COLUSA,UNINCORPORATED,-121.99919128417969,39.193599700927734
9476450,2022,2022-08-02,0602,2022-06-28,0558,P57,2,2,5,2,0602,0,0,0,,0,,"RT 20","RT 5",0.00,,Y,A,-,Y,COL,3,20,-,R,21.997,I,5,E,Y,2,0,1,2,A,-,09,21801,A,N,D,C,A,A,H,-,A,D,0,,,,Y,Y,,G,25,1,0,0,0,0,0,0,0,0,"- ",SO,,,COLUSA,WILLIAMS,-122.15202331542969,39.165828704833984
90960547,2019,2019-04-03,9155,2019-03-30,0120,020735,,6,3,9,0600,0,1,1,,2,052,"I-5 S/B","LURLINE AVE",2112.00,N,N,A,-,Y,,,5,,,,,,S,Y,2,0,2,2,A,-,03,22350,,N,C,C,A,A,H,-,D,D,0,,,,Y,Y,,G,25,1,0,1,0,0,0,0,0,0,"- ","- ",39.221038818359375,-122.18154907226562,COLUSA,UNINCORPORATED,-122.18165588378906,39.221031188964844
91952921,2022,2022-12-27,9155,2022-12-14,0217,020517,,3,3,9,0600,0,1,1,,2,052,"INTERSTATE 5 SOUTHBOUND","COUNTY ROAD 68",10032.00,S,N,A,-,Y,COL,,20,,,38.545,H,,R,Y,2,0,1,1,A,-,03,22350,,N,E,J,A,A,H,-,D,D,0,,,,,Y,,-,"- ",1,0,0,0,0,0,0,0,0,"- ","- ",39.146041870117188,-121.93283081054688,COLUSA,UNINCORPORATED,-121.93283081054688,39.145999908447266
91996514,2022,2023-02-16,9155,2022-09-29,2010,022070,,4,2,9,0600,0,1,3,,1,042,"SR-45 S/B","WINTUN ROAD",150.00,S,N,A,-,Y,COL,,45,,,22.743,H,,L,N,1,1,0,2,A,-,11,21954,A,F,G,B,D,A,H,-,D,D,0,Y,,,,Y,Y,N,60,0,0,0,1,0,0,0,0,0,"- ","- ",39.252300262451172,-122.03160095214844,COLUSA,UNINCORPORATED,-122.03157043457031,39.252300262451172
6667097,2014,2014-11-07,9155,2014-09-25,0020,013855,,4,3,9,0600,0,2,4,,2,011,"OLD HWY 99W","BAILEY RD",50.00,S,N,A,-,N,,,,,,,,,,Y,2,0,3,2,A,-,01,23152,A,N,C,C,A,A,H,-,D,D,0,,,,Y,Y,Y,A,01,1,1,1,0,0,0,0,0,0,"- ","- ",39.027329999999999,-122.06339,COLUSA,UNINCORPORATED,-122.06334999000001,39.02730768
90022644,2015,2015-10-19,9155,2015-09-15,0637,012512,,2,1,9,0600,0,3,5,,2,004,"LURLINE AVE.","JAMESON RD.",561.00,E,N,A,-,N,,,,,,,,,,Y,2,0,2,1,A,-,01,23152,E,F,F,A,A,A,H,-,B,A,0,,,,,Y,,A,07,1,1,0,0,0,0,0,0,0,"- ","- ",39.21772,-122.07550000000001,COLUSA,UNINCORPORATED,-122.07552938000001,39.217589019999998
91116677,2019,2019-11-08,9155,2019-11-06,0655,017062,,3,1,9,0600,0,1,3,,1,042,"SR-45 S/B","FERRY RD.",530.00,S,N,A,-,Y,,,45,,,,,,S,Y,2,0,1,1,A,-,01,23152,A,N,E,I,A,A,H,-,A,D,0,,,,,Y,Y,D,22,1,0,0,0,0,0,0,0,0,"- ","- ",39.360458374023438,-122.02709197998047,COLUSA,UNINCORPORATED,-122.02736663818359,39.360576629638672
91547577,2021,2021-08-18,9155,2021-08-15,1145,020023,,7,1,9,0600,0,3,5,,2,003,"RIVER ROAD","LAUX ROAD",5280.00,S,N,A,-,N,,,,,,,,,,N,2,0,1,1,A,-,08,22107,,N,F,A,A,A,H,-,A,D,0,,,Y,,Y,,C,02,1,0,0,0,0,0,0,0,1,"- ","- ",39.231300354003906,-121.99609375,COLUSA,UNINCORPORATED,-121.99600219726562,39.231491088867188
91062135,2019,2019-08-29,9155,2019-07-17,0630,015996,,3,1,9,0600,0,1,1,,2,051,"I-5 N/B","GREENBAY RD",2002.00,N,N,A,-,Y,,,5,,,,,,N,Y,1,1,5,1,C,-,18,,,N,F,A,A,A,H,-,A,D,0,,,,,Y,,-,"- ",0,5,0,0,0,0,0,0,0,"- ","- ",38.971149444580078,-122.02796173095703,COLUSA,UNINCORPORATED,-122.02784729003906,38.971172332763672
91120741,2019,2019-11-14,9155,2019-10-06,1925,018981,,7,2,9,0600,0,1,3,,2,023,SR-20,"WALNUT DR",9240.00,W,N,A,-,Y,,,20,,,,,,,Y,1,2,4,2,A,-,08,22107,,N,A,C,A,A,H,-,D,D,0,,,,,Y,,A,01,1,3,0,0,0,0,0,0,0,"- ","- ",39.105690002441406,-122.31581878662109,COLUSA,UNINCORPORATED,-122.31581878662109,39.105663299560547
94440551,2024,2024-10-22,9155,2024-10-13,1752,024026,,7,2,9,0600,0,1,3,,2,023,SR-20,SR-16,0.00,,Y,A,-,Y,COL,,20," "," ",3.449,H,,R,Y,2,0,3,2,A,-,09,21802,A,N,D,2,A,A,H,-,A,A,0,,,,,Y,,A,01,2,1,0,0,0,0,0,0,0,"- ","- ",39.013031005859375,-122.35883331298828,COLUSA,UNINCORPORATED,-122.35888671875,39.013050079345703
91954303,2022,2022-12-28,9155,2022-12-05,1030,016414,,1,1,9,0600,0,3,5,,2,006,"KING RD.","TEHAMA/COLUSA CANAL BRIDGE",2065.00,W,N,B,-,N,,,,,,,,,,Y,2,0,1,1,A,-,08,22107,,N,F,A,A,B,H,-,A,D,0,,,,,Y,,A,07,1,0,0,0,0,0,0,0,0,"- ","- ",39.143501281738281,-122.29704284667969,COLUSA,UNINCORPORATED,,
91440754,2021,2021-04-01,9155,2021-03-23,1640,018981,,2,2,9,0600,0,1,1,,2,052,"I-5 N/B","LENAHAN RD",2000.00,S,N,A,-,Y,,,5,,,,,,N,Y,2,0,1,1,A,-,08,22107,,N,E,I,A,A,H,-,A,D,0,,,,,Y,,A,01,1,0,0,0,0,0,0,0,0,"- ","- ",39.328750610351562,-122.19463348388672,COLUSA,UNINCORPORATED,-122.19458770751953,39.328750610351562
90899867,2019,2019-01-08,9155,2019-01-01,0300,021060,,2,3,9,0600,0,1,1,,2,051,"I-5 S/B","SALT CREEK BRIDGE #15-05",760.00,S,N,A,G,Y,,,5,,,,,,S,Y,2,0,1,1,A,-,01,23152,F,N,F,A,A,A,H,-,D,D,0,,,,,Y,,A,07,1,0,0,0,0,0,0,0,0,"- ","- ",39.0264892578125,-122.06356048583984,COLUSA,UNINCORPORATED,-122.06361389160156,39.026462554931641
91017856,2019,2019-06-26,9155,2019-06-22,1610,020686,,6,2,9,0600,0,1,3,,2,023,"SR-20 E/B","LAKE COUNTY LINE",5386.00,E,N,A,-,Y,,,20,,,,,,E,N,2,0,1,1,A,-,08,22107,,N,F,A,A,A,H,-,A,D,0,,,Y,,Y,,C,02,1,0,0,0,0,0,0,0,1,"- ","- ",39.004108428955078,-122.39276885986328,COLUSA,UNINCORPORATED,-122.39276885986328,39.004173278808594
91834991,2022,2022-08-08,9155,2022-07-27,1745,018981,,3,2,9,0600,0,3,5,,2,001,"YOLO COUNTY LINE RD","RD 88",600.00,E,N,A,-,N,,,,,,,,,,Y,2,0,2,1,A,-,08,22107,,N,F,I,A,A,H,-,A,D,0,,,,,Y,,A,07,1,1,0,0,0,0,0,0,0,"- ","- ",38.925521850585938,-121.98681640625,COLUSA,UNINCORPORATED,,
92336280,2024,2024-03-12,9155,2024-03-05,1624,020444,,2,2,9,0600,0,1,3,,2,023,"SR-20 E/B","SR20 MPM .75",100.00,W,N,B,-,Y,COL,,20," ",R,0.685,H,,R,Y,2,0,1,1,A,-,08,22107,,N,F,A,A,A,H,-,A,A,0,,,,,Y,Y,A,01,1,0,0,0,0,0,0,0,0,"- ","- ",39.006969451904297,-122.39750671386719,COLUSA,UNINCORPORATED,-122.39750671386719,39.006973266601562
9097842,2020,2020-09-22,0601,2020-02-06,0553,8441,0601,4,5,2,0601,0,0,0,,0,00E,"RT 20","WILL S GREEN AV",0.00,,Y,A,-,Y,COL,3,20,-,-,30.070,H,-,E,Y,2,0,1,1,A,-,07,21658,,N,A,I,A,A,H,-,D,D,0,,,,,Y,,A,01,1,0,0,0,0,0,0,0,0,"- ","- ",,,COLUSA,COLUSA,-122.02330780029297,39.202224731445312
93196344,2024,2024-08-01,9155,2024-07-25,"610 ",019973,,4,1,9,0600,0,3,5,,2,001,"SR-45 S/B","CERES RD",970.00,S,N,A,-,Y,COL,,45," "," ",1.686,H,,L,Y,2,0,1,1,A,-,03,22350,,N,E,I,A,A,H,-,A,D,0,,,,,Y,,A,01,1,0,0,0,0,0,0,0,0,"- ","- ",38.949291229248047,-121.84355163574219,COLUSA,UNINCORPORATED,-121.84358978271484,38.949291229248047
90257569,2016,2016-08-31,9155,2016-08-21,1840,015850,,7,2,9,0600,0,1,3,,1,022,SR-20,"WILSON AVENUE",0.00,,Y,A,-,Y,,,20,,,,,,,Y,2,0,2,2,A,-,09,21801,A,N,D,C,A,A,H,-,A,D,0,,,,Y,Y,,M,46,1,0,1,0,0,0,0,0,0,"- ","- ",39.196660000000001,-122.03716,COLUSA,UNINCORPORATED,-122.03716226,39.196667089999998
90629758,2017,2018-06-04,9155,2017-12-10,2125,020224,,7,2,9,0600,0,1,1,,2,051,"I-5 S/B","GREENBAY RD",2960.00,N,N,A,-,Y,,,5,,,,,,S,Y,1,1,0,1,A,-,08,22107,,N,E,I,A,A,H,-,D,D,0,,,,,Y,Y,D,22,0,0,0,0,0,0,0,0,0,"- ","- ",38.97392,-122.02927,COLUSA,UNINCORPORATED,-122.02909579,38.974007610000001
91071516,2019,2019-09-10,9155,2019-08-31,1520,020413,,6,2,9,0600,0,3,5,,2,001,"OLD HWY 99W","COUNTY LINE ROAD",0.00,,Y,A,-,N,,,,,,,,,,Y,2,0,7,2,A,-,09,21802,A,N,D,C,A,A,H,-,A,D,0,,,,,Y,,D,22,7,0,0,0,0,0,0,0,0,"- ","- ",38.925399780273438,-121.99659729003906,COLUSA,UNINCORPORATED,-121.99665069580078,38.925498962402344
94699806,2025,2025-05-26,9155,2025-02-09,1243,024125,,7,1,9,0600,0,1,1,,2,051,"INTERSTATE 5","HUSTED RD",2200.00,S,N,A,-,Y,COL,,5," ",R,15.560,H,,R,Y,1,1,1,1,A,-,08,22107,,N,F,A,A,A,H,-,A,D,0,,,,,Y,,A,07,1,0,0,0,0,0,0,0,0,"- ","- ",39.125179290771484,-122.12840270996094,COLUSA,UNINCORPORATED,-122.12847137451172,39.125141143798828
90423694,2017,2017-04-04,9155,2017-03-02,0706,015165,,4,1,9,0600,0,1,3,,1,042,"STATE ROUTE 45","WINTUN RD",8.00,N,N,A,-,Y,,,45,,,,,,,Y,1,1,1,1,A,-,08,22107,,N,E,J,A,A,H,-,A,D,0,,,,,Y,,A,01,1,0,0,0,0,0,0,0,0,"- ","- ",39.251860000000001,-122.03146,COLUSA,UNINCORPORATED,-122.03155932,39.251856340000003
90105381,2015,2016-01-29,9155,2015-12-27,1520,018139,,7,2,9,0600,0,1,3,,2,023,SR-20,SR-16,10032.00,E,N,A,-,Y,,,20,,,,,,,Y,1,1,0,1,A,-,01,23152,A,N,E,I,A,A,H,-,A,D,0,,,,,Y,Y,A,01,0,0,0,0,0,0,0,0,0,"- ","- ",39.036299999999997,-122.33920000000001,COLUSA,UNINCORPORATED,-122.33921959,39.036295930000001
92232590,2023,2023-11-09,9155,2023-10-28,1550,019973,,6,2,9,0600,0,3,5,,2,004,"MAXWELL COLUSA ROAD","2 MILE ROAD",0.00,,Y,A,-,N,,,,,,,,,,Y,2,0,1,2,A,-,09,21802,A,F,E,I,A,A,H,-,A,D,0,,,,,Y,,D,22,1,0,0,0,0,0,0,0,0,"- ","- ",39.276409149169922,-122.15371704101562,COLUSA,UNINCORPORATED,-122.15383148193359,39.276378631591797
90519203,2017,2017-08-24,9155,2017-08-05,1510,020224,,6,2,9,0600,0,3,5,,2,001,"MYERS RD","OLD HWY 99W",810.00,E,N,A,-,N,,,,,,,,,,Y,2,0,3,2,A,-,09,21801,A,N,D,C,A,A,H,-,A,D,0,,,,,Y,,A,01,1,1,1,0,0,0,0,0,0,"- ","- ",39.101030000000002,-122.10902,COLUSA,UNINCORPORATED,-122.10907587,39.101010000000002
91290072,2020,2020-08-21,9155,2020-05-21,2050,021152,,4,2,9,0600,0,3,5,,2,005,"MAXWELL COLUSA ROAD","TWO MILE ROAD",5280.00,E,N,A,-,N,,,,,,,,,,Y,1,1,0,1,A,-,01,23152,A,N,F,A,A,A,H,-,B,D,0,,,,,Y,Y,D,22,0,0,0,0,0,0,0,0,0,"- ","- ",39.276008605957031,-122.1348876953125,COLUSA,UNINCORPORATED,,
6291542,2014,2014-11-05,0602,2014-09-02,0745,P32,,2,5,2,0602,0,0,0,,0,,"E ST","12TH ST",0.00,,Y,A,-,N,,,,,,,,,,Y,1,1,1,3,A,-,10,21950,A,N,G,B,B,A,H,-,A,A,0,Y,,,,Y,,A,01,0,0,1,1,1,0,0,0,0,"- ","- ",,,COLUSA,WILLIAMS,-122.15626995,39.152439909999998
6390410,2014,2014-07-09,9155,2014-02-04,0745,015855,,2,1,9,0600,0,3,5,,2,003,"RIVER RD","LAUX RD",7392.00,N,N,A,-,N,,,,,,,,,,Y,2,0,1,1,A,-,08,22107,,N,E,I,A,A,H,-,A,D,0,,,,,Y,,A,08,1,0,0,0,0,0,0,0,0,"- ","- ",39.265099999999997,-121.99687,COLUSA,UNINCORPORATED,-121.99664609,39.265378769999998
6442814,2014,2014-07-09,0601,2014-02-22,1605,8438,0601,6,5,2,0601,0,0,0,,0,00A,"MARKET ST","5TH ST",0.00,,Y,A,-,Y,,,,,,,,,,Y,2,0,2,2,A,-,03,22350,,N,D,C,A,A,H,-,A,A,0,,,Y,,Y,Y,C,02,2,0,0,0,0,0,0,0,2,"- ","- ",,,COLUSA,COLUSA,-122.00797989,39.214029940000003
6542705,2014,2014-08-15,9155,2014-06-19,2300,18739,,4,3,9,0600,0,3,5,,2,005,"DIRKS RD","DELEVAN RD",2112.00,W,N,A,-,N,,,,,,,,,,N,2,0,1,1,A,-,01,23152,A,N,F,A,A,A,H,-,D,D,0,,,Y,,Y,Y,C,06,1,0,0,0,0,0,0,0,1,"- ","- ",39.363250000000001,-122.25461,COLUSA,UNINCORPORATED,-122.24809999999999,39.36327
6577638,2014,2016-05-05,9155,2014-07-16,1809,018783,,3,2,9,0600,0,1,1,,2,052,"RT 5","DELEVAN RD",3032.00,N,N,A,-,Y,COL,3,5,-,R,32.360,H,-,S,Y,2,0,1,1,A,-,08,22107,,N,F,A,A,A,H,-,A,D,1,,,,,Y,,D,23,1,0,0,0,0,0,0,0,0,"- ","- ",39.36439,-122.19253999999999,COLUSA,UNINCORPORATED,-122.1934134,39.356256790000003
6698251,2014,2014-11-18,9155,2014-10-23,1835,013855,,4,2,9,0600,0,3,5,,2,001,"GRIMES-ARBUCKLE RD","BAILEY RD",5280.00,N,N,A,-,N,,,,,,,,,,Y,2,0,1,1,A,-,08,22107,,N,E,I,A,A,H,-,D,A,0,,,,,Y,,A,01,1,0,0,0,0,0,0,0,0,"- ","- ",39.04177,-122.015,COLUSA,UNINCORPORATED,-122.01548733,39.04187228
6728162,2014,2015-01-16,9155,2014-11-09,0745,017613,,7,1,9,0600,0,3,5,,2,001,"ABEL RD","HUSTED RD",6336.00,E,N,A,-,N,,,,,,,,,,Y,2,0,2,1,A,-,01,23152,A,N,E,I,A,A,H,-,A,D,0,,,,,Y,Y,D,22,2,0,0,0,0,0,0,0,0,"- ","- ",39.145020000000002,-122.10912,COLUSA,UNINCORPORATED,-122.11033392,39.14504264
6854618,2015,2015-05-20,9155,2015-03-02,2100,13855,,1,2,9,0600,0,1,3,,2,023,"RT 20","WALNUT DR",1056.00,W,N,A,-,Y,COL,3,20,-,-,11.400,H,-,E,Y,1,1,0,1,A,-,08,22107,,N,E,I,A,A,H,-,D,D,0,,,,Y,Y,,F,26,0,0,0,0,0,0,0,0,0,"- ","- ",39.105690000000003,-122.31818,COLUSA,UNINCORPORATED,-122.31311359,39.105905280000002