CASE_ID,ACCIDENT_YEAR,PROC_DATE,JURIS,COLLISION_DATE,COLLISION_TIME,OFFICER_ID,REPORTING_DISTRICT,DAY_OF_WEEK,CHP_SHIFT,POPULATION,CNTY_CITY_LOC,SPECIAL_COND,BEAT_TYPE,CHP_BEAT_TYPE,CITY_DIVISION_LAPD,CHP_BEAT_CLASS,BEAT_NUMBER,PRIMARY_RD,SECONDARY_RD,DISTANCE,DIRECTION,INTERSECTION,WEATHER_1,WEATHER_2,STATE_HWY_IND,CALTRANS_COUNTY,CALTRANS_DISTRICT,STATE_ROUTE,ROUTE_SUFFIX,POSTMILE_PREFIX,POSTMILE,LOCATION_TYPE,RAMP_INTERSECTION,SIDE_OF_HWY,TOW_AWAY,COLLISION_SEVERITY,NUMBER_KILLED,NUMBER_INJURED,PARTY_COUNT,PRIMARY_COLL_FACTOR,PCF_CODE_OF_VIOL,PCF_VIOL_CATEGORY,PCF_VIOLATION,PCF_VIOL_SUBSECTION,HIT_AND_RUN,TYPE_OF_COLLISION,MVIW,PED_ACTION,ROAD_SURFACE,ROAD_COND_1,ROAD_COND_2,LIGHTING,CONTROL_DEVICE,CHP_ROAD_TYPE,PEDESTRIAN_ACCIDENT,BICYCLE_ACCIDENT,MOTORCYCLE_ACCIDENT,TRUCK_ACCIDENT,NOT_PRIVATE_PROPERTY,ALCOHOL_INVOLVED,STWD_VEHTYPE_AT_FAULT,CHP_VEHTYPE_AT_FAULT,COUNT_SEVERE_INJ,COUNT_VISIBLE_INJ,COUNT_COMPLAINT_PAIN,COUNT_PED_KILLED,COUNT_PED_INJURED,COUNT_BICYCLIST_KILLED,COUNT_BICYCLIST_INJURED,COUNT_MC_KILLED,COUNT_MC_INJURED,PRIMARY_RAMP,SECONDARY_RAMP,LATITUDE,LONGITUDE,COUNTY,CITY,POINT_X,POINT_Y
6870357,2015,2016-09-28,9155,2015-03-27,1755,18739,,5,2,2,0602,0,1,1,,2,051,"RT 5","HUSTED RD",1056.00,S,N,A,-,Y,COL,3,5,-,R,15.610,H,-,S,Y,2,0,2,1,A,-,01,23152,F,N,F,A,A,A,H,-,A,D,1,,,,,Y,Y,A,07,1,1,0,0,0,0,0,0,0,"- ","- ",39.124859999999998,-122.1281,COLUSA,WILLIAMS,-122.12925893000001,39.125553789999998
6881541,2015,2015-04-27,0602,2015-03-28,1018,P45,1,6,5,2,0602,0,0,0,,0,,"E ST","8TH ST",0.00,,Y,A,-,N,,,,,,,,,,N,2,0,1,2,A,-,10,21950,A,N,H,J,B,A,H,-,A,A,0,Y,,,,Y,,A,01,1,0,0,0,1,0,0,0,0,"- ","- ",,,COLUSA,WILLIAMS,-122.15083987,39.154149889999999
6892371,2015,2016-12-17,9155,2015-04-10,1427,016541,,5,2,9,0600,0,1,3,,1,021,"RT 20","NIAGARA AV",2640.00,E,N,A,-,Y,COL,3,20,-,-,35.350,H,-,W,Y,2,0,2,2,A,-,03,22350,,N,C,C,A,A,H,-,A,A,0,,,,Y,Y,,F,26,1,0,1,0,0,0,0,0,0,"- ","- ",39.166330000000002,-121.98085,COLUSA,UNINCORPORATED,-121.98104365,39.166537099999999
6953673,2015,2016-11-07,9155,2015-05-30,1317,019447,,6,1,2,0602,0,1,1,,2,051,"RT 5","HAHN RD",6864.00,N,N,A,-,Y,COL,3,5,-,R,11.770,H,-,S,Y,2,0,3,2,A,-,08,22107,,N,A,C,A,A,H,-,A,D,1,,,,,Y,,A,01,1,1,1,0,0,0,0,0,0,"- ","- ",39.07103,-122.09292000000001,COLUSA,WILLIAMS,-122.09641123999999,39.0765332
7002337,2015,2016-12-17,0601,2015-05-01,2210,8050,0601,5,5,2,0601,0,0,0,,0,00F,"RT 45","WESCOTT RD",0.00,,Y,A,-,Y,COL,3,20,-,-,32.505,I,5,W,N,2,0,1,2,A,-,00,21965,A,N,G,B,E,A,H,-,D,D,0,Y,,,,Y,,N,60,1,0,0,0,1,0,0,0,0,"- ","- ",,,COLUSA,COLUSA,-122.00456631,39.203200379999998
7041308,2015,2015-09-10,9155,2015-08-16,1600,017963,,7,2,9,0600,0,3,5,,2,002,"SAND CREEK RD","COLD SPRINGS",3168.00,E,N,A,-,N,,,,,,,,,,N,2,0,1,1,A,-,08,22107,,N,F,A,A,A,H,-,A,D,0,,,Y,,Y,Y,C,06,1,0,0,0,0,0,0,0,1,"- ","- ",38.939050000000002,-122.24975000000001,COLUSA,UNINCORPORATED,-122.24975000000001,38.939050000000002
7064963,2015,2015-09-17,9155,2015-09-05,1500,19164,,6,2,9,0600,0,3,5,,2,006,"FOREST ROUTE 17N02","LODOGA STONYFORD RD",15.00,W,N,A,-,N,,,,,,,,,,N,2,0,1,1,A,-,03,22350,,N,F,A,A,A,H,-,A,D,0,,,Y,,Y,,C,02,1,0,0,0,0,0,0,0,1,"- ","- ",39.32132,-122.72163,COLUSA,UNINCORPORATED,,
7144855,2015,2016-01-13,9155,2015-12-24,0625,016541,,4,1,9,0600,0,3,5,,2,003,"GRIDLEY RD","RIVER RD",2640.00,E,N,B,-,N,,,,,,,,,,Y,2,0,2,1,A,-,08,22107,,N,F,A,A,B,H,-,D,D,0,,,,,Y,,D,23,1,0,1,0,0,0,0,0,0,"- ","- ",39.344529999999999,-121.99401,COLUSA,UNINCORPORATED,-121.99476573,39.344518829999998
7150263,2015,2017-02-04,0602,2015-12-27,1140,P46,2,7,5,2,0602,0,0,0,,0,,"RT 20","RT 5",0.00,,Y,A,-,Y,COL,3,20,-,R,21.997,I,5,E,N,2,0,3,2,A,-,00,21082,A,N,D,E,A,A,H,-,A,A,0,,,,,Y,,D,22,1,1,1,0,0,0,0,0,0,"- ","- ",,,COLUSA,WILLIAMS,-122.151985,39.165843639999999
7200094,2017,2017-05-18,0601,2017-03-31,1508,8443,0601,5,5,2,0601,0,0,0,,0,00C,"10TH ST","FREMONT ST",0.00,,Y,A,-,Y,COL,3,20,-,-,30.639,I,5,E,Y,1,1,4,2,A,-,05,21650,,N,A,C,A,A,H,-,A,D,0,,,,,Y,,A,01,0,4,0,0,0,0,0,0,0,"- ","- ",,,COLUSA,COLUSA,-122.01720345,39.20925476
8063897,2016,2017-02-11,0602,2016-06-11,0625,P49,2,6,5,2,0602,0,0,0,,0,,"RT 20","RT 5",0.00,,Y,A,-,Y,COL,3,20,-,R,0.022,I,5,E,Y,2,0,1,2,A,-,09,21802,A,N,D,C,A,A,H,-,B,A,0,,,,,Y,,A,01,1,0,0,0,0,0,0,0,0,"- ","- ",,,COLUSA,WILLIAMS,-122.40883937,39.011261040000001
8133957,2016,2017-03-01,0601,2016-09-18,1610,8330,0601,7,5,2,0601,0,0,0,,0,00D,"RT 45","EAST CARSON ST",0.00,,Y,A,-,Y,COL,3,20,-,-,32.370,I,5,W,Y,2,0,1,2,A,-,09,21801,A,N,A,C,A,A,H,-,A,D,0,,,Y,,Y,,A,08,1,0,0,0,0,0,0,0,1,"- ","- ",,,COLUSA,COLUSA,-122.00403724,39.205133060000001
8404385,2017,2017-07-28,0602,2017-06-21,1045,P5,3,3,5,2,0602,0,0,0,,0,,"8TH ST","F ST",130.00,N,N,A,-,N,,,,,,,,,,N,1,1,0,2,A,-,21,22106,,N,G,B,E,A,H,-,A,D,0,Y,,,,Y,,-,,0,0,0,1,0,0,0,0,0,"- ","- ",,,COLUSA,WILLIAMS,-122.15031953,39.153311459999998
8639212,2018,2018-08-16,0601,2018-04-21,0042,8441,0601,6,5,2,0601,0,0,0,,0,00F,"RT 45","WESCOTT RD",0.00,,Y,A,-,Y,COL,3,20,-,-,32.505,I,5,E,N,2,0,1,2,A,-,09,21802,A,N,H,G,A,A,H,-,C,A,0,,Y,,,Y,,L,04,1,0,0,0,0,0,1,0,0,"- ","- ",,,COLUSA,COLUSA,-122.00456237792969,39.203201293945312
90019172,2015,2015-10-19,9155,2015-09-08,1135,013855,,2,1,9,0600,0,1,1,,2,051,"I-5 S/B","COUNTY LINE ROAD",3696.00,N,N,A,-,Y,,,5,,,,,,S,Y,2,0,1,1,A,-,08,22107,,N,E,I,A,A,H,-,A,D,0,,,,,Y,,D,22,1,0,0,0,0,0,0,0,0,"- ","- ",38.93553,-122.00384,COLUSA,UNINCORPORATED,-122.00378249000001,38.935556920000003
90021219,2015,2015-10-19,9155,2015-08-16,0734,013855,,7,1,9,0600,0,1,1,,2,052,"I-5 N/B","LURLINE AVENUE",1584.00,N,N,A,-,Y,,,5,,,,,,N,Y,1,1,1,1,A,-,08,22107,,N,F,A,A,A,H,-,A,D,0,,,,,Y,,D,22,0,1,0,0,0,0,0,0,0,"- ","- ",39.222839999999998,-122.18145,COLUSA,UNINCORPORATED,-122.18135929,39.222841000000003
90028627,2015,2015-10-19,9155,2015-10-05,1135,017613,,1,1,9,0600,0,1,3,,2,023,SR-20,"COLUSA / LAKE COUNTY LINE",5280.00,E,N,A,-,Y,,,20,,,,,,,Y,2,0,1,1,A,-,03,22350,,N,F,A,A,A,H,-,A,D,0,,,Y,,Y,,C,02,1,0,0,0,0,0,0,0,1,"- ","- ",39.004219999999997,-122.39323,COLUSA,UNINCORPORATED,-122.39321926,39.004252710000003
90065285,2015,2015-12-03,9155,2015-11-22,1455,017963,,7,2,9,0600,0,3,5,,2,006,"SITES-LODOGA RD.","MAXWELL SITES RD",8448.00,W,N,B,-,N,,,,,,,,,,Y,2,0,1,1,A,-,08,22107,,N,F,A,A,A,H,-,A,D,0,,,Y,,Y,,C,02,1,0,0,0,0,0,0,0,1,"- ","- ",39.323830000000001,-122.35827,COLUSA,UNINCORPORATED,-122.33811,39.308889999999998
90128694,2016,2016-03-03,9155,2016-02-28,1540,017613,,7,2,9,0600,0,1,3,,1,016,"SR-16 W/B","COLUSA /  YOLO CO LINE",5808.00,W,N,A,-,Y,,,16,,,,,,W,Y,2,0,1,1,A,-,08,22107,,N,F,A,A,A,H,-,A,D,0,,,Y,,Y,,C,02,1,0,0,0,0,0,0,0,1,"- ","- ",38.938220000000001,-122.33789,COLUSA,UNINCORPORATED,-122.33793673,38.938150640000003
90177701,2016,2016-05-12,9155,2016-05-01,0213,019973,,7,3,9,0600,0,1,1,,2,051,"I-5 S/B","MYERS RD",2515.00,N,N,A,-,Y,,,5,,,,,,S,Y,2,0,3,2,A,-,01,23152,A,N,B,C,A,A,H,-,D,D,0,,,,,Y,Y,A,01,1,1,1,0,0,0,0,0,0,"- ","- ",39.108469999999997,-122.11784,COLUSA,UNINCORPORATED,-122.11779504,39.108490750000001
90193660,2016,2016-06-09,9155,2016-05-18,1055,018739,,3,1,9,0600,0,1,3,,2,023,SR-20,"LEESVILLE RD",9504.00,W,N,A,-,Y,,,20,,,,,,,Y,1,1,2,2,A,-,08,22107,,N,E,I,A,A,H,-,A,D,0,,,,,Y,,A,01,1,1,0,0,0,0,0,0,0,"- ","- ",39.105640000000001,-122.3158,COLUSA,UNINCORPORATED,-122.31580113,39.105661689999998
90206525,2016,2016-06-21,9155,2016-06-19,2353,019281,,7,3,9,0600,0,1,1,,2,052,"I-5 S/B","LURLINE AVE",7920.00,S,N,A,-,Y,,,5,,,,,,S,Y,2,0,2,2,A,-,07,21658,A,N,C,C,A,A,H,-,D,D,0,,,,,Y,,A,01,1,0,1,0,0,0,0,0,0,"- ","- ",39.199820000000003,-122.17534000000001,COLUSA,UNINCORPORATED,-122.17527342,39.199856240000003
90207607,2016,2016-06-22,9155,2016-06-17,1330,018981,,5,1,9,0600,0,1,3,,1,021,SR-20,"SYCAMORE CUT OFF",0.00,,Y,B,-,Y,,,20,,,,,,,Y,2,0,3,2,A,-,09,21801,A,N,D,C,A,A,H,-,A,D,0,,,,,Y,,A,01,1,0,2,0,0,0,0,0,0,"- ","- ",39.145980000000002,-121.94266,COLUSA,UNINCORPORATED,-121.94266002000001,39.145991039999998
90250694,2016,2016-08-23,9155,2016-08-06,1335,018981,,6,1,9,0600,0,3,5,,2,004,"MAXWELL RD","4 MILE RD",3000.00,E,N,A,-,N,,,,,,,,,,Y,2,0,1,2,A,-,03,22350,,N,B,C,A,A,H,-,A,D,0,,,,,Y,,A,01,1,0,0,0,0,0,0,0,0,"- ","- ",39.275460000000002,-122.10603,COLUSA,UNINCORPORATED,-122.10605969,39.275455800000003
90279163,2016,2016-09-29,9155,2016-09-14,0540,019281,,3,3,9,0600,0,2,4,,2,011,"OLD HWY 99W","MYERS RD",1320.00,N,N,A,-,N,,,,,,,,,,Y,1,1,1,2,A,-,06,21751,,N,A,C,A,A,H,-,D,D,0,,,,Y,Y,,A,01,0,1,0,0,0,0,0,0,0,"- ","- ",39.104680000000002,-122.11427,COLUSA,UNINCORPORATED,-122.11404004000001,39.104260830000001
90300658,2016,2016-10-25,9155,2016-10-15,1442,016541,,6,2,9,0600,0,1,1,,2,052,"I-5 N/B","LURLINE AVE",4224.00,S,N,B,G,Y,,,5,,,,,,N,Y,2,0,1,2,A,-,08,22107,,N,B,C,A,A,H,-,A,A,0,,,,Y,Y,,D,22,1,0,0,0,0,0,0,0,0,"- ","- ",39.205970000000001,-122.17815,COLUSA,UNINCORPORATED,-122.17821342000001,39.205935510000003
90333672,2016,2016-11-30,9155,2016-11-24,1959,018783,,4,2,9,0600,0,1,3,,2,023,SR-20,"WALNUT DR",35376.00,W,N,A,-,Y,,,20,,,,,,,Y,2,0,2,2,A,-,08,22107,,N,A,C,A,A,H,-,D,D,0,,,,,Y,,A,01,1,0,1,0,0,0,0,0,0,"- ","- ",39.045520000000003,-122.34106,COLUSA,UNINCORPORATED,-122.34113565,39.045502900000002
90367359,2016,2017-01-11,9155,2016-11-26,0240,019692,,6,3,9,0600,0,3,5,,2,003,"RIVER RD","GRIDLEY RD",15840.00,S,N,B,-,N,,,,,,,,,,Y,2,0,1,1,A,-,08,22107,,N,E,I,A,A,H,-,D,D,0,,,,,Y,Y,A,01,1,0,0,0,0,0,0,0,0,"- ","- ",,,COLUSA,UNINCORPORATED,-122.01268795,39.311926579999998
90373169,2017,2017-01-19,9155,2017-01-16,1922,019164,,1,2,9,0600,0,1,1,,2,052,"I-5 N/B","MAXWELL RD",103.00,S,N,A,-,Y,,,5,,,,,,N,Y,2,0,2,2,A,-,07,21658,A,N,B,C,A,A,H,-,D,D,0,,,,Y,Y,,A,01,1,0,1,0,0,0,0,0,0,"- ","- ",39.276000000000003,-122.18227,COLUSA,UNINCORPORATED,-122.18229036,39.27599893
90377301,2017,2017-01-25,9155,2017-01-14,2020,019281,,6,2,9,0600,0,1,1,,2,051,"I-5 N/B","HAHN RD",1584.00,N,N,A,-,Y,,,5,,,,,,N,Y,2,0,1,2,A,-,03,22350,,N,C,C,A,A,H,-,C,D,0,,,,,Y,,D,22,1,0,0,0,0,0,0,0,0,"- ","- ",39.06035,-122.08744,COLUSA,UNINCORPORATED,-122.08766448999999,39.060232290000002
90414590,2017,2017-03-17,9155,2017-03-14,0753,017062,,2,1,9,0600,0,3,5,,2,002,"BARBARA WAY","SOUTH EIGHTH ST.",0.00,,Y,A,-,N,,,,,,,,,,Y,2,0,1,2,A,-,03,22350,,N,C,E,A,A,H,-,A,D,0,,,,Y,Y,,A,01,1,0,0,0,0,0,0,0,0,"- ","- ",39.009349999999998,-122.05837,COLUSA,UNINCORPORATED,-122.05841464,39.009282050000003
90445249,2017,2017-04-28,9155,2017-04-25,2000,019973,,2,2,9,0600,0,3,5,,2,002,"SAND CREEK RD","GREEN RD",40.00,E,N,A,-,N,,,,,,,,,,N,2,0,1,1,A,-,03,22350,,N,E,I,A,A,H,-,A,D,0,,,Y,,Y,,C,06,1,0,0,0,0,0,0,0,1,"- ","- ",38.978790000000004,-122.24015,COLUSA,UNINCORPORATED,-122.24018961,38.978742199999999
90445346,2017,2017-10-18,9155,2017-04-17,1750,019164,,1,2,9,0600,0,1,3,,2,023,SR-20,SR-16,14784.00,W,N,B,C,Y,,,20,,,,,,,Y,1,1,4,2,A,-,03,22350,,N,A,C,A,B,H,-,A,D,0,,,,,Y,,A,01,2,0,2,0,0,0,0,0,0,"- ","- ",39.007309999999997,-122.40051,COLUSA,UNINCORPORATED,-122.40052364,39.007257629999998
90447273,2017,2017-05-02,9155,2017-04-20,0735,015165,,4,1,9,0600,0,1,1,,2,051,"INTERSTATE 5 S/B","HAHN RD.",6336.00,S,N,A,-,Y,,,5,,,,,,S,Y,2,0,2,1,A,-,08,22107,,N,F,A,A,A,H,-,A,D,0,,,,,Y,,D,22,1,1,0,0,0,0,0,0,0,"- ","- ",39.073099999999997,-122.0942,COLUSA,UNINCORPORATED,-122.09426379,39.0730681
90469502,2017,2017-06-01,9155,2017-05-26,1729,019625,,5,2,9,0600,0,1,1,,2,051,"I-5 N/B","COUNTY LINE RD",0.00,,N,A,-,Y,,,5,,,,,,N,Y,2,0,1,1,A,-,08,22107,,N,F,A,A,A,H,-,A,A,0,,,,,Y,,A,07,1,0,0,0,0,0,0,0,0,"- ","- ",38.928370000000001,-122.00184,COLUSA,UNINCORPORATED,-122.00160524,38.928450310000002
90499459,2017,2017-07-12,9155,2017-07-10,1411,018866,,1,2,2,0602,0,1,1,,2,051,"I-5 N/B","HUSTED RD",2487.00,S,N,A,-,Y,,,5,,,,,,N,Y,2,0,1,2,A,-,08,22107,,N,C,C,A,A,H,-,A,D,0,,,,Y,Y,,A,01,1,0,0,0,0,0,0,0,0,"- ","- ",39.123800000000003,-122.12719,COLUSA,WILLIAMS,-122.12732249,39.123711180000001
90520915,2017,2017-08-10,9155,2017-08-05,0220,019653,,6,3,9,0600,0,2,4,,2,010,"LONE STAR RD","HAHN RD",0.00,,Y,B,C,N,,,,,,,,,,Y,2,0,2,1,A,-,03,22350,,N,E,I,A,B,H,-,D,A,0,,,,,Y,Y,A,01,1,0,1,0,0,0,0,0,0,"- ","- ",39.056780000000003,-122.07894,COLUSA,UNINCORPORATED,-122.07898,39.056849919999998
90536209,2017,2017-09-14,9155,2017-08-04,1856,020322,,5,2,9,0600,0,1,1,,2,052,"I-5 N/B","LENAHAN ROAD",4586.00,S,N,A,-,Y,,,5,,,,,,N,Y,1,1,1,1,A,-,08,22107,,N,E,I,A,A,H,-,A,D,0,,,,,Y,,A,01,1,0,0,0,0,0,0,0,0,"- ","- ",39.329169999999998,-122.19465,COLUSA,UNINCORPORATED,-122.19459087,39.3291714
90541434,2017,2017-09-06,9155,2017-09-04,2130,019625,,1,2,9,0600,0,3,5,,2,004,"JAMESON RD","HARBISON RD",0.00,,N,A,-,N,,,,,,,,,,Y,2,0,1,1,A,-,01,23152,A,N,F,A,A,A,H,-,D,D,0,,,,,Y,Y,D,22,1,0,0,0,0,0,0,0,0,"- ","- ",39.236240000000002,-122.07899999999999,COLUSA,UNINCORPORATED,-122.07913988,39.246699929999998
90544965,2017,2017-09-11,9155,2017-09-02,0810,020224,,6,1,9,0600,0,1,3,,1,016,SR-16,SR-20,12672.00,E,N,A,-,Y,,,16,,,,,,,N,2,0,2,1,A,-,01,23152,A,N,E,I,A,A,H,-,D,D,0,,,,,Y,Y,D,22,1,0,1,0,0,0,0,0,0,"- ","- ",38.934510000000003,-122.33503,COLUSA,UNINCORPORATED,-122.33502833,38.934513639999999
90545085,2017,2017-09-11,9155,2017-09-09,1840,020224,,6,2,9,0600,0,3,5,,2,003,"BUTTE SLOUGH RD","MARTY RD",3960.00,W,N,A,-,N,,,,,,,,,,Y,2,0,1,1,A,-,01,23152,A,N,F,A,A,A,H,-,A,D,0,,,,,Y,Y,D,22,1,0,0,0,0,0,0,0,0,"- ","- ",39.197870000000002,-121.94865,COLUSA,UNINCORPORATED,-121.94774866,39.198138829999998
90604459,2017,2017-11-28,9155,2017-11-13,0555,016445,,1,3,9,0600,0,1,3,,1,022,"SR-20 W/B","LONE STAR RD",2112.00,E,N,A,-,Y,,,20,,,,,,W,N,2,0,1,3,A,-,11,21954,A,F,G,B,E,A,H,-,D,D,0,Y,,,,Y,,N,60,1,0,0,0,1,0,0,0,0,"- ","- ",39.195500000000003,-122.06740000000001,COLUSA,UNINCORPORATED,-122.06740035,39.195542949999997
90632392,2017,2018-01-03,9155,2017-12-31,1140,018981,,7,1,9,0600,0,1,1,,2,051,"I-5 N/B","HAHN RD",2124.00,S,N,A,-,Y,,,5,,,,,,N,Y,2,0,1,1,A,-,08,22107,,N,F,A,A,A,H,-,A,D,0,,,,,Y,,A,01,1,0,0,0,0,0,0,0,0,"- ","- ",39.052300000000002,-122.08096,COLUSA,UNINCORPORATED,-122.08099414,39.052259640000003
90633402,2017,2018-01-04,9155,2017-12-25,1410,015850,,1,2,9,0600,0,1,3,,2,041,SR-45,"LEVEN STREET",573.00,S,N,A,-,Y,,,45,,,,,,,Y,1,1,0,1,A,-,08,22107,,N,F,A,A,A,H,-,A,D,0,,,,,Y,,D,22,0,0,0,0,0,0,0,0,0,"- ","- ",39.070639999999997,-121.88688,COLUSA,UNINCORPORATED,-121.88686344,39.070689190000003
90708547,2018,2018-08-13,9155,2018-04-13,1002,019718,,5,1,9,0600,0,3,5,,2,004,"LURLINE AVE","OLD HWY 99W",4752.00,E,N,A,-,N,,,,,,,,,,Y,1,1,0,1,C,-,18,,,N,E,I,A,A,H,-,A,D,0,,,,,Y,,-,"- ",0,0,0,0,0,0,0,0,0,"- ","- ",39.218391418457031,-122.16826629638672,COLUSA,UNINCORPORATED,-122.18142700195312,39.218498229980469
90713727,2018,2018-04-26,9155,2018-04-14,1002,019718,,6,1,9,0600,0,1,3,,2,023,SR-20,"WALNUT DR",11088.00,W,N,A,-,Y,,,20,,,,,,,Y,2,0,3,2,A,-,05,21460,A,N,A,C,A,A,H,-,A,D,0,,,,,Y,,A,07,1,2,0,0,0,0,0,0,0,"- ","- ",39.105640411376953,-122.32160949707031,COLUSA,UNINCORPORATED,-122.32160186767578,39.105602264404297
90727014,2018,2018-05-15,9155,2018-05-05,2157,021060,,6,2,9,0600,0,3,5,,2,002,"WYER RD","TRI KEL LN",175.00,N,N,A,-,N,,,,,,,,,,N,2,0,1,2,A,-,17,21228,A,N,C,C,A,A,H,-,D,D,0,,,Y,,Y,Y,C,03,1,0,0,0,0,0,0,0,1,"- ","- ",38.964351654052734,-122.09761810302734,COLUSA,UNINCORPORATED,-122.09764099121094,38.961742401123047
90752933,2018,2018-07-09,9155,2018-06-17,1215,015850,,7,1,9,0600,0,1,3,,2,023,"SR-20 W/B",SR-16,7920.00,E,N,A,-,Y,,,20,,,,,,W,Y,1,1,5,2,A,-,08,22107,,N,E,I,A,A,H,-,A,D,0,,,,,Y,,A,01,3,2,0,0,0,0,0,0,0,"- ","- ",39.019580841064453,-122.35540771484375,COLUSA,UNINCORPORATED,-122.35545349121094,39.019611358642578
90761907,2018,2018-07-03,9155,2018-06-26,1338,019560,,2,1,9,0600,0,1,1,,2,051,"I-5 N/B","HARRINGTON AVE",300.00,N,N,A,-,Y,,,5,,,,,,N,Y,2,0,1,1,A,-,08,22107,,N,F,A,A,A,H,-,A,D,0,,,Y,,Y,,C,02,1,0,0,0,0,0,0,0,1,"- ","- ",38.954349517822266,-122.01825714111328,COLUSA,UNINCORPORATED,-122.01811981201172,38.954448699951172
90769893,2018,2018-07-16,9155,2018-06-23,0450,021060,,6,3,9,0600,0,1,1,,2,051,"I-5 N/B","HUSTED RD",5280.00,S,N,A,-,Y,,,5,,,,,,N,Y,1,2,0,2,A,-,05,21651,B,N,A,C,A,A,H,-,B,A,0,,,,,Y,,A,07,0,0,0,0,0,0,0,0,0,"- ","- ",39.113368988037109,-122.12050628662109,COLUSA,UNINCORPORATED,-122.12050628662109,39.113372802734375
90793383,2018,2018-08-20,9155,2018-08-08,1937,020735,,3,2,9,0600,0,1,1,,2,051,"I-5 S/B","MYERS RD",2640.00,N,N,A,-,Y,,,5,,,,,,S,Y,2,0,6,1,A,-,01,23152,A,N,E,I,A,A,H,-,A,D,0,,,,,Y,Y,D,22,2,4,0,0,0,0,0,0,0,"- ","- ",39.108108520507812,-122.11775207519531,COLUSA,UNINCORPORATED,-122.11764526367188,39.108154296875
90815984,2018,2018-09-18,9155,2018-09-09,0200,019692,,7,3,9,0600,0,3,5,,2,006,"LEESVILLE RD",SR-20,20592.00,N,N,A,-,N,,,,,,,,,,Y,2,0,3,1,A,-,08,22107,,N,F,A,A,A,H,-,D,D,0,,,,,Y,,A,08,1,1,1,0,0,0,0,0,0,"- ","- ",39.138568878173828,-122.34423828125,COLUSA,UNINCORPORATED,-122.29128265380859,39.120479583740234
90829731,2018,2018-10-05,9155,2018-09-27,0638,019692,,4,1,9,0600,0,3,5,,2,001,"WHITE RD","W RD.",3379.00,E,N,A,-,N,,,,,,,,,,Y,2,0,1,1,A,-,08,22107,,N,F,A,A,A,H,-,B,D,0,,,,,Y,,A,01,1,0,0,0,0,0,0,0,0,"- ","- ",38.969211578369141,-121.94027709960938,COLUSA,UNINCORPORATED,-121.93955993652344,38.969127655029297
90832778,2018,2019-07-11,9155,2018-09-13,0559,018127,,4,3,9,0600,0,2,4,,2,011,"MYERS RD","OLD HWY 99W",0.00,,Y,A,-,N,,,,,,,,,,Y,1,1,0,2,A,-,12,22450,A,N,D,C,A,A,H,-,C,A,0,,,,Y,Y,,A,01,0,0,0,0,0,0,0,0,0,"- ","- ",39.101028442382812,-122.11186218261719,COLUSA,UNINCORPORATED,-122.11193084716797,39.101028442382812
90833899,2018,2018-12-20,9155,2018-09-11,1700,020322,,2,2,9,0600,0,1,3,,1,016,"SR-16 W/B",SR-20,20592.00,E,N,A,-,Y,,,,,,,,,,Y,1,1,0,1,A,-,01,23152,G,N,E,I,A,A,H,-,A,D,0,,,,,Y,Y,A,01,0,0,0,0,0,0,0,0,0,"- ","- ",38.912021636962891,-122.26537322998047,COLUSA,UNINCORPORATED,-122.34127044677734,38.964431762695312
90840345,2018,2018-11-05,9155,2018-09-21,0628,019692,,5,1,2,0602,0,1,1,,2,051,"I-5 N/B",SR-20,950.00,S,N,A,-,Y,,,5,,,,,,N,Y,1,3,1,2,A,-,03,22350,,N,C,C,A,A,H,-,C,D,0,,,,Y,Y,,G,25,1,0,0,0,0,0,0,0,0,"- ","- ",39.163921356201172,-122.14813232421875,COLUSA,WILLIAMS,-122.14815521240234,39.163902282714844
90841017,2018,2018-10-22,9155,2018-10-11,2350,021060,,4,3,9,0600,0,1,1,,2,052,"I-5 N/B",SR-20,5280.00,N,N,A,-,Y,,,5,,,,,,N,Y,2,0,1,1,A,-,01,23152,G,N,F,A,A,A,H,-,D,D,0,,,,,Y,Y,A,01,1,0,0,0,0,0,0,0,0,"- ","- ",39.183650970458984,-122.16499328613281,COLUSA,UNINCORPORATED,-122.16486358642578,39.183753967285156