CASE_ID,ACCIDENT_YEAR,PROC_DATE,JURIS,COLLISION_DATE,COLLISION_TIME,OFFICER_ID,REPORTING_DISTRICT,DAY_OF_WEEK,CHP_SHIFT,POPULATION,CNTY_CITY_LOC,SPECIAL_COND,BEAT_TYPE,CHP_BEAT_TYPE,CITY_DIVISION_LAPD,CHP_BEAT_CLASS,BEAT_NUMBER,PRIMARY_RD,SECONDARY_RD,DISTANCE,DIRECTION,INTERSECTION,WEATHER_1,WEATHER_2,STATE_HWY_IND,CALTRANS_COUNTY,CALTRANS_DISTRICT,STATE_ROUTE,ROUTE_SUFFIX,POSTMILE_PREFIX,POSTMILE,LOCATION_TYPE,RAMP_INTERSECTION,SIDE_OF_HWY,TOW_AWAY,COLLISION_SEVERITY,NUMBER_KILLED,NUMBER_INJURED,PARTY_COUNT,PRIMARY_COLL_FACTOR,PCF_CODE_OF_VIOL,PCF_VIOL_CATEGORY,PCF_VIOLATION,PCF_VIOL_SUBSECTION,HIT_AND_RUN,TYPE_OF_COLLISION,MVIW,PED_ACTION,ROAD_SURFACE,ROAD_COND_1,ROAD_COND_2,LIGHTING,CONTROL_DEVICE,CHP_ROAD_TYPE,PEDESTRIAN_ACCIDENT,BICYCLE_ACCIDENT,MOTORCYCLE_ACCIDENT,TRUCK_ACCIDENT,NOT_PRIVATE_PROPERTY,ALCOHOL_INVOLVED,STWD_VEHTYPE_AT_FAULT,CHP_VEHTYPE_AT_FAULT,COUNT_SEVERE_INJ,COUNT_VISIBLE_INJ,COUNT_COMPLAINT_PAIN,COUNT_PED_KILLED,COUNT_PED_INJURED,COUNT_BICYCLIST_KILLED,COUNT_BICYCLIST_INJURED,COUNT_MC_KILLED,COUNT_MC_INJURED,PRIMARY_RAMP,SECONDARY_RAMP,LATITUDE,LONGITUDE,COUNTY,CITY,POINT_X,POINT_Y
90850714,2018,2018-11-01,9155,2018-10-21,0035,019560,,7,3,9,0600,0,1,3,,1,042,SR-45,"RESERVATION RD",6336.00,N,N,A,-,Y,,,45,,,,,,,Y,2,0,1,1,A,-,01,23152,A,N,E,I,A,A,H,-,D,D,0,,,,,Y,Y,A,07,1,0,0,0,0,0,0,0,0,"- ","- ",39.315521240234375,-122.03369903564453,COLUSA,UNINCORPORATED,-122.0338134765625,39.315505981445312
90854530,2018,2018-11-06,9155,2018-10-25,1725,020482,,4,2,9,0600,0,1,3,,2,023,SR-20,SR-16,15840.00,W,N,A,-,Y,,,20,,,,,,,Y,2,0,2,1,A,-,01,23152,F,N,E,I,A,A,H,-,A,D,0,,,,,Y,,A,01,1,1,0,0,0,0,0,0,0,"- ","- ",39.004421234130859,-122.39349365234375,COLUSA,UNINCORPORATED,-122.39350891113281,39.004379272460938
90861869,2018,2018-11-16,9155,2018-11-13,0420,020322,,2,3,9,0600,0,1,3,,2,023,"SR-20 E/B",SR-16,8976.00,E,N,A,-,Y,,,20,,,,,,E,Y,2,0,1,1,A,-,08,22107,,N,E,I,A,A,H,-,D,D,0,,,,,Y,,A,01,1,0,0,0,0,0,0,0,0,"- ","- ",39.030651092529297,-122.33867645263672,COLUSA,UNINCORPORATED,-122.33873748779297,39.030677795410156
90877266,2018,2018-12-13,9155,2018-11-17,2500,018127,,6,4,9,0600,0,3,5,,2,001,"OLD HWY 99W","HARRINGTON AVE",617.00,S,N,F,-,N,,,,,,,,,,Y,1,1,0,1,A,-,08,22107,,N,E,I,A,A,H,-,D,D,0,,,,,Y,,A,01,0,0,0,0,0,0,0,0,0,"- ","- ",38.953620910644531,-122.01519775390625,COLUSA,UNINCORPORATED,-122.01469421386719,38.953472137451172
90877288,2018,2018-12-06,9155,2018-10-11,2312,020735,,4,3,9,0600,0,3,5,,2,005,"OLD HWY 99W","COMET LN",1723.00,S,N,A,-,N,,,,,,,,,,Y,1,1,2,3,A,-,03,22350,,N,C,C,E,A,H,-,D,D,0,Y,,,,Y,,A,01,0,2,0,0,1,0,0,0,0,"- ","- ",39.249858856201172,-122.19126892089844,COLUSA,UNINCORPORATED,-122.19123840332031,39.249897003173828
90897801,2018,2019-01-04,9155,2018-12-14,1741,015943,,5,2,9,0600,0,1,3,,1,022,SR-20,"LONE STAR ROAD",0.00,,Y,B,C,Y,,,,,,,,,,Y,2,0,2,2,A,-,01,23152,A,F,D,C,A,B,H,-,C,D,0,,,,,Y,Y,A,07,1,1,0,0,0,0,0,0,0,"- ","- ",39.198318481445312,-121.94748687744141,COLUSA,UNINCORPORATED,-122.07879638671875,39.195671081542969
90906059,2019,2019-01-16,9155,2019-01-12,2200,021060,,6,3,9,0600,0,1,1,,2,051,"LODI RD","GRIMES-ARBUCKLE RD",50.00,S,N,A,-,N,,,,,,,,,,Y,2,0,1,1,A,-,03,22350,,M,E,A,A,A,H,-,C,D,0,,,,,Y,,A,01,1,0,0,0,0,0,0,0,0,"- ","- ",39.056400299072266,-121.92244720458984,COLUSA,UNINCORPORATED,-121.92327880859375,39.056400299072266
90923348,2019,2019-02-11,9155,2019-02-03,2105,019718,,7,2,9,0600,0,2,4,,2,011,"OLD HWY 99W","HAHN RD",2640.00,S,N,B,-,N,,,,,,,,,,Y,2,0,1,1,A,-,08,22107,,N,E,I,A,A,H,-,D,D,0,,,,,Y,,A,01,1,0,0,0,0,0,0,0,0,"- ","- ",39.049480438232422,-122.07801055908203,COLUSA,UNINCORPORATED,-122.07878875732422,39.050468444824219
90948308,2019,2019-03-18,9155,2019-03-09,2030,018125,,6,2,9,0600,0,3,5,,2,001,"OLD HWY 99W","MYERS RD",6336.00,S,N,B,-,N,,,,,,,,,,N,2,0,1,2,A,-,11,21954,A,F,G,B,E,B,H,-,D,D,0,Y,,,,Y,,N,60,1,0,0,0,1,0,0,0,0,"- ","- ",39.085170745849609,-122.10146331787109,COLUSA,UNINCORPORATED,-122.10172271728516,39.085563659667969
90955434,2019,2019-03-28,9155,2019-03-18,1315,015165,,1,1,9,0600,0,1,3,,1,021,"STATE ROUTE 20 (SR-20)","NIAGARA AVE",4858.00,E,N,A,-,Y,,,20,,,,,,,Y,2,0,4,1,A,-,08,22107,,N,E,I,A,A,H,-,A,D,0,,,,,Y,,A,07,1,3,0,0,0,0,0,0,0,"- ","- ",39.164138793945312,-121.97885131835938,COLUSA,UNINCORPORATED,-121.97899627685547,39.164024353027344
90958966,2019,2019-04-02,9155,2019-03-25,1710,019718,,1,2,9,0600,0,3,5,,2,005,"SITES LODOGA ROAD","GRAPEVINE CREEK",7392.00,E,N,B,-,N,,,,,,,,,,Y,2,0,1,1,A,-,01,23152,A,N,F,A,A,B,H,-,A,D,0,,,,,Y,Y,A,07,1,0,0,0,0,0,0,0,0,"- ","- ",39.345321655273438,-122.38194274902344,COLUSA,UNINCORPORATED,-122.38192749023438,39.345428466796875
90960508,2019,2019-04-03,9155,2019-03-30,1555,019973,,6,2,9,0600,0,3,5,,2,002,"WYER RD","WISCONSIN AVE",3696.00,S,N,A,-,N,,,,,,,,,,N,2,0,2,1,A,-,03,22350,,N,E,I,A,A,H,-,A,D,0,,,,,Y,,D,22,1,1,0,0,0,0,0,0,0,"- ","- ",38.393390655517578,-122.09789276123047,COLUSA,UNINCORPORATED,-122.10455322265625,38.938297271728516
90965468,2019,2019-05-08,9155,2019-03-09,1838,019973,,6,2,9,0600,0,1,1,,2,051,"I-5 N/B","HALL STREET",670.00,S,N,C,-,Y,,,5,,,,,,N,Y,1,1,0,1,A,-,01,23152,A,N,E,I,A,B,H,-,D,D,0,,,,,Y,Y,D,22,0,0,0,0,0,0,0,0,0,"- ","- ",39.015270233154297,-122.05747985839844,COLUSA,UNINCORPORATED,-122.05750274658203,39.015254974365234
90972607,2019,2019-04-26,9155,2019-04-19,1705,020482,,5,2,9,0600,0,2,4,,2,010,"LONE STAR RD","ABEL RD",4224.00,S,N,A,-,N,,,,,,,,,,Y,2,0,2,2,A,-,08,22107,,N,A,C,A,A,H,-,A,D,0,,,,,Y,,A,07,1,1,0,0,0,0,0,0,0,"- ","- ",39.132968902587891,-122.07864379882812,COLUSA,UNINCORPORATED,-122.07863616943359,39.133373260498047
91008706,2019,2019-06-12,9155,2019-05-12,2350,020744,,7,3,9,0600,0,1,1,,2,052,"I-5 S/B","FAIRVIEW RD",3696.00,S,N,A,-,Y,,,5,,,,,,S,Y,1,2,1,1,A,-,01,23152,F,N,F,A,A,A,H,-,D,D,0,,,,,Y,,A,07,1,0,0,0,0,0,0,0,0,"- ","- ",39.237068176269531,-122.18190002441406,COLUSA,UNINCORPORATED,-122.1820068359375,39.237071990966797
91029025,2019,2019-07-11,9155,2019-06-29,0155,020744,,6,3,9,0600,0,3,5,,2,002,"HAHN RD","CORTINA SCHOOL RD",5280.00,E,N,A,-,N,,,,,,,,,,Y,2,0,1,1,A,-,01,23152,G,N,F,A,A,A,H,-,D,D,0,,,,,Y,Y,A,01,1,0,0,0,0,0,0,0,0,"- ","- ",39.05670166015625,-122.12090301513672,COLUSA,UNINCORPORATED,-122.14257049560547,39.057121276855469
91033945,2019,2019-07-26,9155,2019-06-27,1314,020444,,4,1,9,0600,0,1,3,,2,023,"SR-20 E/B","WALNUT DR",680.00,W,N,A,-,Y,,,20,,,,,,E,Y,1,1,0,1,A,-,08,22107,,N,E,I,A,A,H,-,A,D,0,,,,,Y,,D,22,0,0,0,0,0,0,0,0,0,"- ","- ",39.120349884033203,-122.29132080078125,COLUSA,UNINCORPORATED,-122.29137420654297,39.120414733886719
91041065,2019,2019-07-29,9155,2019-07-27,1620,019973,,6,2,9,0600,0,1,1,,2,051,"I-5 N/B","COUNTY LINE ROAD",4000.00,N,N,A,-,Y,,,5,,,,,,N,Y,2,0,1,1,A,-,08,22107,,N,F,A,A,A,H,-,A,D,0,,,Y,,Y,,C,02,1,0,0,0,0,0,0,0,1,"- ","- ",38.938499450683594,-122.00540924072266,COLUSA,UNINCORPORATED,-122.00527954101562,38.9385986328125
91057211,2019,2019-08-22,9155,2019-08-17,1806,020444,,6,2,9,0600,0,1,1,,2,052,"I-5 N/B","FAIRVIEW RD OVERCROSS",321.00,S,N,A,-,Y,,,5,,,,,,N,Y,2,0,1,1,A,-,08,22107,,N,F,A,A,A,H,-,A,A,0,,,Y,,Y,,C,02,1,0,0,0,0,0,0,0,1,"- ","- ",39.247020721435547,-122.18197631835938,COLUSA,UNINCORPORATED,-122.18183135986328,39.247024536132812
91066788,2019,2019-09-04,9155,2019-09-01,0115,021564,,7,3,9,0600,0,1,3,,1,022,SR-20,"LONE STAR RD",0.00,,Y,A,-,Y,,,20,,,,,,,Y,2,0,2,2,A,-,09,21801,A,N,A,C,A,A,H,-,C,D,0,,,,,Y,,A,07,2,0,0,0,0,0,0,0,0,"- ","- ",39.195659637451172,-122.07879638671875,COLUSA,UNINCORPORATED,-122.07879638671875,39.195697784423828
91078803,2019,2019-09-19,9155,2019-09-13,0735,017900,,5,1,9,0600,0,3,5,,2,003,"SACHREITER RD","SYCAMORE SLOUGH RD",2573.00,E,N,A,-,N,,,,,,,,,,Y,2,0,1,2,A,-,08,22107,,N,C,C,A,A,H,-,A,D,0,,,,,Y,,A,01,1,0,0,0,0,0,0,0,0,"- ","- ",39.089458465576172,-121.98326873779297,COLUSA,UNINCORPORATED,-121.98338317871094,39.089439392089844
91088350,2019,2019-10-01,9155,2019-09-25,0520,020413,,3,3,9,0600,0,1,3,,1,042,SR-45,"MAXWELL RD",1207.00,S,N,A,-,Y,,,45,,,,,,,Y,2,0,3,2,A,-,05,21650,,N,A,C,A,A,H,-,D,D,0,,,,,Y,,A,01,1,2,0,0,0,0,0,0,0,"- ","- ",39.275398254394531,-122.03479766845703,COLUSA,UNINCORPORATED,-122.03504943847656,39.275360107421875
91110159,2019,2019-10-30,9155,2019-10-18,2020,020744,,5,2,9,0600,0,2,4,,2,011,"OLD HWY 99W","COUNTY LINE RD",1009.00,N,N,A,-,Y,,,,,,,,,,N,2,0,1,2,A,-,11,21956,A,N,G,B,E,A,H,-,D,D,0,Y,,,,Y,Y,N,60,1,0,0,0,1,0,0,0,0,"- ","- ",38.928001403808594,-121.99835205078125,COLUSA,UNINCORPORATED,-121.99827575683594,38.927963256835938
91123637,2019,2019-11-19,9155,2019-10-10,1420,018981,,4,2,9,0600,0,1,3,,2,023,SR-20,SR-16,0.00,,Y,A,-,Y,,,20,,,,,,,Y,1,2,2,3,A,-,09,21802,A,N,D,C,A,A,H,-,A,A,0,,,,Y,Y,,A,01,1,0,1,0,0,0,0,0,0,"- ","- ",39.013031005859375,-122.35880279541016,COLUSA,UNINCORPORATED,-122.35881805419922,39.013046264648438
91136979,2019,2019-12-05,9155,2019-11-20,1550,020023,,3,2,9,0600,0,1,3,,1,022,SR-20,"SAN JOSE RD",4224.00,E,N,A,G,Y,,,20,,,,,,,Y,1,1,0,2,A,-,08,22107,,N,B,G,A,A,H,-,A,D,0,,Y,,,Y,,D,22,0,0,0,0,0,1,0,0,0,"- ","- ",39.189899444580078,-122.10479736328125,COLUSA,UNINCORPORATED,-122.10478210449219,39.189872741699219
91158154,2019,2020-01-02,9155,2019-12-25,1420,020744,,3,2,9,0600,0,1,3,,2,023,SR-20,"BEAR VALLEY RD",5280.00,W,N,C,-,Y,,,20,,,,,,,Y,2,0,3,2,A,-,08,22107,,N,A,C,A,B,H,-,A,D,0,,,,,Y,,A,01,2,1,0,0,0,0,0,0,0,"- ","- ",39.013519287109375,-122.37844848632812,COLUSA,UNINCORPORATED,-122.37848663330078,39.013397216796875
91188165,2020,2020-02-18,9155,2020-02-10,0400,021564,,1,3,9,0600,0,1,1,,2,051,"I-5 S/B","HAHN RD",6864.00,N,N,A,G,Y,,,5,,,,,,S,Y,2,0,1,1,A,-,08,22107,,N,F,A,A,A,H,-,D,D,0,,,,,Y,,A,07,1,0,0,0,0,0,0,0,0,"- ","- ",39.075599670410156,-122.095703125,COLUSA,UNINCORPORATED,-122.09576416015625,39.075553894042969
91234973,2020,2020-05-07,9155,2020-05-01,1140,017900,,5,1,9,0600,0,3,5,,2,002,"WAGNER AVENUE","JENSEN AVENUE",0.00,,Y,A,-,N,,,,,,,,,,Y,2,0,3,2,A,-,12,22450,A,N,D,C,A,A,H,-,A,A,0,,,,,Y,,A,08,1,0,2,0,0,0,0,0,0,"- ","- ",38.998729705810547,-122.08867645263672,COLUSA,UNINCORPORATED,-122.08860015869141,38.998710632324219
91264955,2020,2020-07-08,9155,2020-06-28,2100,021343,,7,2,9,0600,0,3,5,,2,002,"SAND CREEK RD","GREEN ROAD",24288.00,W,N,A,-,N,,,,,,,,,,Y,2,0,5,1,A,-,08,22107,,N,E,I,A,A,H,-,D,D,0,,,,,Y,,A,07,4,0,1,0,0,0,0,0,0,"- ","- ",38.924900054931641,-122.26203155517578,COLUSA,UNINCORPORATED,-122.261962890625,38.924903869628906
91270172,2020,2020-07-17,9155,2020-07-11,2135,019973,,6,2,9,0600,0,3,5,,2,002,"SALT CREEK DR","HARVEY CT",68.00,E,N,A,-,N,,,,,,,,,,Y,2,0,2,3,A,-,08,22107,,N,B,E,A,A,H,-,C,D,0,,,Y,,Y,,C,06,2,0,0,0,0,0,0,0,2,"- ","- ",39.023189544677734,-122.06752014160156,COLUSA,UNINCORPORATED,-122.06767272949219,39.023075103759766
91278554,2020,2020-07-31,9155,2020-07-25,1825,021152,,6,2,9,0600,0,1,1,,2,052,"I-5 S/B FROM MAXWELL COLUSA RD.","MAXWELL ROAD",1107.00,S,N,A,-,Y,,,5,,,,R,,S,Y,2,0,1,1,A,-,01,23152,A,N,E,I,A,A,H,-,A,D,0,,,,,Y,Y,A,07,1,0,0,0,0,0,0,0,0,"- ","- ",39.273849487304688,-122.18302154541016,COLUSA,UNINCORPORATED,-122.18302154541016,39.273849487304688
91300334,2020,2020-09-08,9155,2020-09-04,1700,020444,,5,2,9,0600,0,3,5,,2,006,"BEAR VALLEY RD","BRIM RD",6864.00,S,N,A,-,N,,,,,,,,,,N,2,0,1,1,A,-,03,22350,,N,F,A,A,A,H,-,A,D,0,,,Y,,Y,,C,02,1,0,0,0,0,0,0,0,1,"- ","- ",39.148391723632812,-122.43418121337891,COLUSA,UNINCORPORATED,-122.43419647216797,39.148406982421875
91304046,2020,2020-09-14,9155,2020-09-06,1200,019973,,7,1,9,0600,0,3,5,,2,004,"FOREST ROUTE 17N02","FOREST ROUTE 18N07",10982.00,W,N,A,-,N,,,,,,,,,,Y,2,0,1,1,A,-,08,22107,,N,E,I,A,A,H,-,A,D,0,,,,,Y,,D,22,1,0,0,0,0,0,0,0,0,"- ","- ",39.276451110839844,-122.71678161621094,COLUSA,UNINCORPORATED,,
91333539,2020,2020-10-28,9155,2020-10-19,1605,019973,,1,2,9,0600,0,1,1,,2,051,"I-5 S/B","MYERS RD",5544.00,S,N,A,-,Y,,,5,,,,,,S,Y,2,0,2,2,A,-,08,22107,,N,B,C,A,D,H,-,A,D,0,,,,,Y,,A,07,1,1,0,0,0,0,0,0,0,"- ","- ",39.089881896972656,-122.10472106933594,COLUSA,UNINCORPORATED,-122.10504913330078,39.089672088623047
91355865,2020,2020-12-01,9155,2020-11-21,2358,021060,,6,3,9,0600,0,2,4,,2,011,"OLD HWY 99W","MYERS RD",4224.00,S,N,A,-,Y,,,,,,,,,,N,2,0,1,2,A,-,11,21954,A,N,G,B,E,A,H,-,D,D,0,Y,,,,Y,Y,N,60,1,0,0,0,1,0,0,0,0,"- ","- ",39.090579986572266,-122.10507202148438,COLUSA,UNINCORPORATED,-122.10511779785156,39.090724945068359
91369556,2020,2020-12-22,9155,2020-09-04,2500,020322,,5,4,9,0600,0,1,1,,2,052,"I-5 S/B","LENAHAN RD",3097.00,S,N,A,-,Y,,,5,,,,,,S,Y,1,2,0,1,A,-,01,23152,F,N,E,I,A,A,H,-,D,D,0,,,Y,,Y,,C,02,0,0,0,0,0,0,0,2,0,"- ","- ",39.326011657714844,-122.19493103027344,COLUSA,UNINCORPORATED,-122.19489288330078,39.326011657714844
91372004,2019,2021-02-03,9155,2019-12-29,0340,021060,,7,3,9,0600,0,1,1,,2,052,"I-5 S/B","MAXWELL RD",4488.00,N,N,A,-,Y,,,5,,,,,,S,Y,1,1,0,2,A,-,16,24002,A,N,C,C,A,A,H,-,D,D,0,,,,Y,Y,,G,25,0,0,0,0,0,0,0,0,0,"- ","- ",39.288791656494141,-122.18454742431641,COLUSA,UNINCORPORATED,-122.18451690673828,39.288795471191406
91373240,2020,2020-12-22,9155,2020-09-09,0525,021343,,3,3,9,0600,0,1,1,,2,052,"I-5 SOUTHBOUND","SR-20 OVERCROSSING",895.00,N,N,A,-,Y,,,,,,,,,,N,1,1,0,2,A,-,11,21954,A,N,G,B,E,A,H,-,C,D,0,Y,,,,Y,,N,60,0,0,0,1,0,0,0,0,0,"- ","- ",39.169010162353516,-122.15160369873047,COLUSA,UNINCORPORATED,-122.15146636962891,39.168838500976562
91373444,2020,2020-12-22,9155,2020-12-10,1315,017141,,4,1,9,0600,0,3,5,,2,006,"BARTLETT SPRINGS RD","BRIM RD",10560.00,S,N,A,-,N,,,,,,,,,,N,2,0,1,1,A,-,03,22350,,N,F,A,A,A,B,-,A,D,0,,,Y,,Y,,C,02,1,0,0,0,0,0,0,0,1,"- ","- ",39.13983154296875,-122.48538208007812,COLUSA,UNINCORPORATED,,
91378956,2020,2020-12-31,9155,2020-12-21,1040,015850,,1,1,9,0600,0,1,3,,1,042,SR-45,"PARADISE ROAD",1056.00,N,N,E,-,Y,,,,,,,,,,Y,2,0,1,3,A,-,06,21751,,N,C,C,A,A,H,-,A,D,0,,,,Y,Y,,A,01,1,0,0,0,0,0,0,0,0,"- ","- ",,,COLUSA,UNINCORPORATED,-122.01315307617188,39.394668579101562
91384068,2021,2021-01-08,9155,2021-01-01,0020,021152,,5,3,9,0600,0,3,5,,2,005,"MAXWELL COLUSA ROAD","HOLLOWAY ROAD",2112.00,W,N,B,-,N,,,,,,,,,,Y,2,0,1,1,A,-,08,22107,,N,E,I,A,A,H,-,D,D,0,,,,,Y,,A,01,1,0,0,0,0,0,0,0,0,"- ","- ",39.275470733642578,-122.07875823974609,COLUSA,UNINCORPORATED,,
91418424,2021,2021-03-01,9155,2021-03-01,0855,017062,,1,1,9,0600,0,1,3,,1,042,"SR-45 S/B","NEVA AVE.",42.00,S,N,A,-,Y,,,45,,,,,,S,Y,2,0,1,1,A,-,08,22107,,N,E,I,A,A,H,-,A,D,0,,,Y,,Y,,C,02,1,0,0,0,0,0,0,0,1,"- ","- ",39.220508575439453,-122.01918029785156,COLUSA,UNINCORPORATED,-122.01913452148438,39.220531463623047
91427294,2021,2021-03-15,9155,2021-03-07,0915,017900,,7,1,9,0600,0,1,1,,2,051,"I-5 S/B","COUNTY LINE ROAD",3477.00,N,N,A,-,Y,,,5,,,,,,S,Y,2,0,1,1,A,-,08,22107,,N,E,I,A,A,H,-,A,D,0,,,,,Y,,A,01,1,0,0,0,0,0,0,0,0,"- ","- ",38.934638977050781,-122.00341033935547,COLUSA,UNINCORPORATED,-122.00337219238281,38.934654235839844
91449218,2021,2021-04-13,9155,2021-04-06,1820,020322,,2,2,9,0600,0,1,3,,2,023,SR-20,"20 COL 1.75",181.00,E,N,A,-,Y,,,20,,,,,,,Y,2,0,2,2,A,-,08,22107,,N,B,C,A,A,H,-,A,D,0,,,,,Y,,A,01,2,0,0,0,0,0,0,0,0,"- ","- ",39.013179779052734,-122.38832855224609,COLUSA,UNINCORPORATED,-122.38832092285156,39.013156890869141
91449242,2021,2021-04-13,9155,2021-04-06,1830,018981,,2,2,9,0600,0,3,5,,2,001,"CORTINA SCHOOL RD","HAHN RD",5600.00,N,N,A,-,N,,,,,,,,,,Y,2,0,1,1,A,-,08,22107,,N,E,I,A,A,H,-,A,D,0,,,,,Y,,A,08,1,0,0,0,0,0,0,0,0,"- ","- ",39.072151184082031,-122.14243316650391,COLUSA,UNINCORPORATED,-122.1424560546875,39.072101593017578
91469305,2021,2021-05-27,9155,2021-05-02,2200,021343,,7,3,9,0600,0,1,3,,1,016,SR-16,"COL MPM 2.43",400.00,N,N,A,-,Y,,,16,,,,,,,Y,2,0,1,1,A,-,01,23152,A,N,E,I,A,A,H,-,D,D,0,,,,,Y,Y,A,08,1,0,0,0,0,0,0,0,0,"- ","- ",38.981830596923828,-122.34890747070312,COLUSA,UNINCORPORATED,-122.34889984130859,38.981845855712891
91487483,2021,2021-06-02,9155,2021-05-22,2110,021343,,6,2,9,0600,0,1,3,,1,021,SR-20,"NIAGARA AVE",6336.00,E,N,A,-,Y,,,20,,,,,,,Y,2,0,4,2,A,-,01,23152,F,N,B,C,A,A,H,-,C,D,0,,,,,Y,,A,01,1,2,1,0,0,0,0,0,0,"- ","- ",39.158290863037109,-121.97447967529297,COLUSA,UNINCORPORATED,-121.97443389892578,39.1583251953125
91529522,2021,2021-07-27,9155,2021-07-16,0835,019973,,5,1,9,0600,0,2,4,,2,011,"OLD HWY 99W","FREEWAY UNDERCROSSING RD.",25.00,N,N,A,-,N,,,,,,,,,,N,2,0,2,1,A,-,08,22107,,N,E,I,A,A,H,-,A,D,0,,,,,Y,,A,07,1,1,0,0,0,0,0,0,0,"- ","- ",39.024600982666016,-122.06198120117188,COLUSA,UNINCORPORATED,,
91554146,2021,2021-08-25,9155,2021-08-07,1500,017900,,6,2,9,0600,0,1,3,,2,023,"STATE HIGHWAY 20","COL MPM 1.00",140.00,E,N,A,-,Y,,,20,,,,,,,Y,2,0,1,1,A,-,08,22107,,N,F,A,A,A,H,-,A,A,0,,,Y,,Y,,C,02,1,0,0,0,0,0,0,0,1,"- ","- ",39.004741668701172,-122.39407348632812,COLUSA,UNINCORPORATED,-122.39405059814453,39.004768371582031
91557041,2021,2021-08-27,9155,2021-08-22,1735,018981,,7,2,9,0600,0,3,5,,2,003,"BUTTE SLOUGH RD","RIVER RD",1500.00,E,N,A,-,N,,,,,,,,,,Y,2,0,1,1,A,-,01,23152,A,N,E,I,A,A,H,-,A,D,0,,,,,Y,Y,D,22,1,0,0,0,0,0,0,0,0,"- ","- ",39.21466064453125,-121.9947509765625,COLUSA,UNINCORPORATED,-121.99478912353516,39.214603424072266
91572507,2021,2021-09-16,9155,2021-08-01,2115,021343,,7,2,9,0600,0,1,1,,2,051,"I-5 N/B","GREENBAY ROAD OVERCROSSING",1056.00,N,N,A,-,Y,,,5,,,,,,N,Y,1,1,7,2,A,-,05,21651,B,N,A,C,A,A,H,-,C,D,0,,,,,Y,,A,01,2,0,5,0,0,0,0,0,0,"- ","- ",38.96990966796875,-122.02755737304688,COLUSA,UNINCORPORATED,-122.02757263183594,38.969905853271484
91650516,2021,2021-12-13,9155,2021-12-11,1400,020444,,6,2,9,0600,0,3,5,,2,006,"FOREST ROUTE 17N22","FOUTS SPRINGS RD",7920.00,S,N,A,-,N,,,,,,,,,,N,2,0,1,1,D,-,00,,,N,F,A,A,A,H,-,A,D,0,,,Y,,Y,,-,"- ",1,0,0,0,0,0,0,0,1,"- ","- ",39.337699890136719,-122.65363311767578,COLUSA,UNINCORPORATED,-122.66092681884766,39.3507080078125
91659189,2021,2021-12-22,9155,2021-07-11,1955,020444,,7,2,9,0600,0,1,3,,2,023,"RT 20","RT 16",1056.00,N,N,A,-,Y,,,20,,,,,,,Y,1,1,4,2,A,-,01,23152,A,N,A,2,A,A,H,-,A,A,0,,,,,Y,Y,D,22,2,2,0,0,0,0,0,0,0,"- ","- ",39.016708374023438,-122.35678863525391,COLUSA,UNINCORPORATED,-122.35679626464844,39.016712188720703