CASE_ID,ACCIDENT_YEAR,PROC_DATE,JURIS,COLLISION_DATE,COLLISION_TIME,OFFICER_ID,REPORTING_DISTRICT,DAY_OF_WEEK,CHP_SHIFT,POPULATION,CNTY_CITY_LOC,SPECIAL_COND,BEAT_TYPE,CHP_BEAT_TYPE,CITY_DIVISION_LAPD,CHP_BEAT_CLASS,BEAT_NUMBER,PRIMARY_RD,SECONDARY_RD,DISTANCE,DIRECTION,INTERSECTION,WEATHER_1,WEATHER_2,STATE_HWY_IND,CALTRANS_COUNTY,CALTRANS_DISTRICT,STATE_ROUTE,ROUTE_SUFFIX,POSTMILE_PREFIX,POSTMILE,LOCATION_TYPE,RAMP_INTERSECTION,SIDE_OF_HWY,TOW_AWAY,COLLISION_SEVERITY,NUMBER_KILLED,NUMBER_INJURED,PARTY_COUNT,PRIMARY_COLL_FACTOR,PCF_CODE_OF_VIOL,PCF_VIOL_CATEGORY,PCF_VIOLATION,PCF_VIOL_SUBSECTION,HIT_AND_RUN,TYPE_OF_COLLISION,MVIW,PED_ACTION,ROAD_SURFACE,ROAD_COND_1,ROAD_COND_2,LIGHTING,CONTROL_DEVICE,CHP_ROAD_TYPE,PEDESTRIAN_ACCIDENT,BICYCLE_ACCIDENT,MOTORCYCLE_ACCIDENT,TRUCK_ACCIDENT,NOT_PRIVATE_PROPERTY,ALCOHOL_INVOLVED,STWD_VEHTYPE_AT_FAULT,CHP_VEHTYPE_AT_FAULT,COUNT_SEVERE_INJ,COUNT_VISIBLE_INJ,COUNT_COMPLAINT_PAIN,COUNT_PED_KILLED,COUNT_PED_INJURED,COUNT_BICYCLIST_KILLED,COUNT_BICYCLIST_INJURED,COUNT_MC_KILLED,COUNT_MC_INJURED,PRIMARY_RAMP,SECONDARY_RAMP,LATITUDE,LONGITUDE,COUNTY,CITY,POINT_X,POINT_Y
91661162,2021,2021-12-24,9155,2021-12-17,1835,021060,,5,2,9,0600,0,3,5,,2,003,"TULE RD","COLLEGE CITY RD",107.00,E,N,A,-,N,,,,,,,,,,Y,2,0,2,2,A,-,01,23152,A,N,A,C,A,A,H,-,C,D,0,,,,,Y,Y,A,01,2,0,0,0,0,0,0,0,0,"- ","- ",39.012908935546875,-122.01378631591797,COLUSA,UNINCORPORATED,-122.00640106201172,39.012908935546875
91671241,2021,2022-01-05,9155,2021-12-26,1400,018981,,7,2,9,0600,0,1,1,,2,052,"I-5 N/B","STONE CORRAL CREEK",2360.00,N,N,B,-,Y,,,5,,,,,,N,Y,2,0,3,3,A,-,08,22107,,N,F,I,A,A,H,-,A,D,0,,,,,Y,,A,01,3,0,0,0,0,0,0,0,0,"- ","- ",39.297740936279297,-122.18560791015625,COLUSA,UNINCORPORATED,-122.18559265136719,39.297740936279297
91685661,2022,2022-01-26,9155,2022-01-24,2000,021343,,1,2,9,0600,0,1,1,,2,051,"I-5 S/B","HAHN ROAD OVERCROSSING",4224.00,N,N,A,-,Y,COL,,5,,R,11.110,H,,L,Y,2,0,1,1,A,-,08,22107,,N,E,I,A,A,H,-,C,D,0,,,,,Y,,A,01,1,0,0,0,0,0,0,0,0,"- ","- ",39.067760467529297,-122.09174346923828,COLUSA,UNINCORPORATED,-122.09169769287109,39.067771911621094
91754790,2022,2022-04-22,9155,2022-04-13,1735,020482,,3,2,9,0600,0,3,5,,2,006,"SITES-LODOGA RD.","RAIL CANYON ROAD",7392.00,W,N,B,-,N,,,,,,,,,,Y,2,0,1,1,A,-,08,22107,,N,E,I,A,A,H,-,A,D,0,,,,,Y,,A,01,1,0,0,0,0,0,0,0,0,"- ","- ",39.336761474609375,-122.46875762939453,COLUSA,UNINCORPORATED,-122.46907806396484,39.337387084960938
91790853,2022,2022-06-08,9155,2022-05-24,2140,018981,,2,2,9,0600,0,1,3,,1,022,SR-20,"LONE STAR RD",3200.00,W,N,A,-,Y,COL,,20,,,26.285,H,,R,Y,2,0,1,1,A,-,08,22107,,N,E,8,A,A,H,-,D,D,0,,,,,Y,,A,07,1,0,0,0,0,0,0,0,0,"- ","- ",39.195781707763672,-122.09095764160156,COLUSA,UNINCORPORATED,-122.09095764160156,39.195842742919922
91820102,2022,2022-07-19,9155,2022-06-30,2027,021152,,4,2,9,0600,0,1,1,,2,051,"I-5 S/B","STATE HIGHWAY 20",285.00,S,N,A,-,Y,,,,,,,,,,Y,2,0,1,1,A,-,01,23152,A,N,F,A,A,A,H,-,A,D,0,,,,,Y,Y,A,01,1,0,0,0,0,0,0,0,0,"- ","- ",39.165309906005859,-122.15058135986328,COLUSA,UNINCORPORATED,-122.14859008789062,39.164039611816406
91842821,2022,2022-08-17,9155,2022-08-07,2115,021060,,7,2,9,0600,0,1,3,,1,022,SR-20,"LONESTAR ROAD",7920.00,W,N,A,-,Y,COL,,20,,,26.080,H,,R,Y,2,0,1,1,A,-,01,23152,A,N,F,J,A,A,H,-,D,D,0,,,,,Y,Y,A,01,1,0,0,0,0,0,0,0,0,"- ","- ",39.195289611816406,-122.09462738037109,COLUSA,UNINCORPORATED,-122.09468078613281,39.195381164550781
91852274,2022,2022-08-29,9155,2022-08-16,1035,019094,,2,1,9,0600,0,3,5,,2,003,"GRIDLEY RD","RIVER RD",4435.00,E,N,A,-,N,,,,,,,,,,Y,2,0,1,1,A,-,08,22107,,N,F,I,A,A,H,-,A,D,0,,,,Y,Y,,F,27,1,0,0,0,0,0,0,0,0,"- ","- ",39.344440460205078,-121.98851776123047,COLUSA,UNINCORPORATED,-121.98845672607422,39.344394683837891
91866598,2022,2022-11-03,9155,2022-09-05,1750,021919,,1,2,9,0600,0,1,3,,1,022,"STATE ROUTE 20","WALNUT DRIVE",20064.00,W,N,A,-,Y,COL,,20,,,9.576,H,,R,Y,2,0,1,1,A,-,08,22107,,N,E,I,A,A,H,-,A,D,0,,,,,Y,,A,07,1,0,0,0,0,0,0,0,0,"- ","- ",39.092910766601562,-122.34436798095703,COLUSA,UNINCORPORATED,-122.34443664550781,39.092926025390625
91866636,2022,2022-09-16,9155,2022-09-02,0535,020444,,5,3,9,0600,0,3,5,,2,004,"GRIDLEY RD","BUTLER RD",3168.00,E,N,A,-,N,,,,,,,,,,Y,2,0,1,1,A,-,08,22107,,N,F,A,A,A,H,-,D,A,0,,,,Y,Y,,F,26,1,0,0,0,0,0,0,0,0,"- ","- ",39.362201690673828,-121.92591857910156,COLUSA,UNINCORPORATED,-121.92507934570312,39.362129211425781
91876592,2022,2022-09-29,9155,2022-09-19,0500,021343,,1,3,9,0600,0,1,3,,1,042,SR-45,"DODGE ROAD",1056.00,N,N,A,-,Y,,,,,,,,,,Y,2,0,1,1,A,-,08,22107,,N,E,I,A,B,H,-,E,D,0,,,,,Y,,-,"- ",1,0,0,0,0,0,0,0,0,"- ","- ",34.348381042480469,-122.03250885009766,COLUSA,UNINCORPORATED,-122.01918792724609,39.38006591796875
91905910,2022,2022-10-31,9155,2022-10-20,2044,021507,,4,2,9,0600,0,1,S,,2,704,"INTERSTATE 5 SOUTHBOUND","LURLINE AVENUE",36.00,S,N,A,-,Y,COL,,5,,R,22.655,H,,L,Y,2,0,1,2,A,-,08,22107,,N,D,C,A,A,H,-,D,D,0,,,,,Y,,D,22,1,0,0,0,0,0,0,0,0,"- ","- ",39.217250823974609,-122.18135070800781,COLUSA,UNINCORPORATED,-122.18132781982422,39.217250823974609
91921800,2022,2022-11-18,9155,2022-09-02,1935,020482,,5,2,9,0600,0,1,3,,2,023,SR-20,"WALNUT DR",21120.00,W,N,A,-,Y,COL,,20,,,9.290,H,,R,Y,1,1,1,2,A,-,08,22107,,N,A,C,A,A,H,-,B,D,0,,,Y,,Y,,C,02,0,0,1,0,0,0,0,1,0,"- ","- ",39.088951110839844,-122.34593200683594,COLUSA,UNINCORPORATED,-122.34593200683594,39.088951110839844
9192904,2020,2020-12-31,0602,2020-11-08,1822,P58,1,7,5,2,0602,0,0,0,,0,,"RT 20","N VIRGINIA WY",0.00,,Y,A,-,Y,COL,3,20,-,R,21.414,I,5,E,Y,2,0,4,3,A,-,09,21804,A,N,D,D,A,A,H,-,C,D,0,,,,,Y,,A,07,1,0,3,0,0,0,0,0,0,"- ","- ",,,COLUSA,WILLIAMS,-122.16093444824219,39.161117553710938
91931612,2022,2022-12-01,9155,2022-08-12,0640,019973,,5,1,9,0600,0,1,3,,2,023,SR-20,"WALNUT DR",4000.00,W,N,A,-,Y,COL,,20,,,12.540,H,,R,Y,1,1,0,2,A,-,08,22107,,N,A,C,A,A,H,-,B,D,0,,,,Y,Y,,A,01,0,0,0,0,0,0,0,0,0,"- ","- ",39.112689971923828,-122.30039978027344,COLUSA,UNINCORPORATED,-122.30034637451172,39.112651824951172
91947901,2022,2022-12-21,9155,2022-11-29,1740,018981,,2,2,9,0600,0,1,3,,2,023,SR-20,"20 COL 8.56",500.00,E,N,A,-,Y,COL,,20,,,8.610,H,,R,Y,2,0,1,1,A,-,08,22107,,N,E,8,A,A,H,-,D,D,0,,,,,Y,,D,22,1,0,0,0,0,0,0,0,0,"- ","- ",39.079120635986328,-122.34689331054688,COLUSA,UNINCORPORATED,-122.34676361083984,39.079120635986328
91955266,2022,2022-12-29,9155,2022-12-27,0130,021343,,2,3,9,0600,0,3,5,,2,001,"ZUMWALT ROAD","HANKINS ROAD",0.00,,Y,C,-,N,,,,,,,,,,Y,2,0,1,1,A,-,01,23152,A,N,E,I,A,B,H,-,D,D,0,,,,,Y,Y,A,01,1,0,0,0,0,0,0,0,0,"- ","- ",39.145118713378906,-122.15135192871094,COLUSA,UNINCORPORATED,-122.1514892578125,39.1451416015625
91955345,2022,2022-12-29,9155,2022-12-25,0910,019094,,7,1,9,0600,0,3,5,,2,001,"OLD HIGHWAY 99W","EDDY RD",0.00,,Y,B,E,N,,,,,,,,,,Y,2,0,2,2,A,-,08,22107,,N,D,C,A,A,H,-,A,D,0,,,,,Y,,D,22,1,1,0,0,0,0,0,0,0,"- ","- ",38.962230682373047,-122.02043914794922,COLUSA,UNINCORPORATED,,
91969583,2022,2023-01-17,9155,2022-12-19,0015,022647,,1,3,9,0600,0,1,1,,2,051,"INTERSTATE 5 N/B","COUNTY LINE RD",1056.00,N,N,E,-,Y,COL,,5,,R,0.199,H,,R,Y,2,0,1,1,A,-,08,22107,,N,E,I,A,A,H,-,D,D,0,,,,,Y,,D,22,1,0,0,0,0,0,0,0,0,"- ","- ",38.928169250488281,-122.0013427734375,COLUSA,UNINCORPORATED,-122.00145721435547,38.928138732910156
91970990,2022,2023-01-18,9155,2022-12-10,0807,019973,,6,1,9,0600,0,1,1,,2,051,"I-5 NORTHBOUND","MYERS RD",1850.00,S,N,B,C,Y,COL,,5,,R,13.344,H,,R,Y,1,1,1,2,A,-,00,22017,,N,D,C,A,B,H,-,A,D,0,,,,Y,Y,,A,07,0,1,0,0,0,0,0,0,0,"- ","- ",39.096530914306641,-122.11013031005859,COLUSA,UNINCORPORATED,-122.110107421875,39.096546173095703
91992022,2022,2023-02-10,9155,2022-12-31,1900,022070,,6,2,9,0600,0,1,3,,2,023,SR-20,"MILE MARKER 12.04",256.00,E,N,B,-,Y,COL,,20,,,12.112,H,,R,Y,1,1,0,1,A,-,03,22350,,N,E,I,A,B,H,-,D,D,0,,,,,Y,,A,01,0,0,0,0,0,0,0,0,0,"- ","- ",39.107898712158203,-122.30547332763672,COLUSA,UNINCORPORATED,-122.30545806884766,39.107887268066406
92036498,2023,2023-04-04,9155,2023-03-18,"330 ",022647,,6,3,9,0600,0,2,4,,2,010,"LONESTAR RD","HAHN RD",0.00,,Y,D,-,N,,,,,,,,,,Y,2,0,1,1,A,-,03,22350,,N,E,I,A,A,H,-,D,D,0,,,,,Y,,A,07,1,0,0,0,0,0,0,0,0,"- ","- ",39.056789398193359,-122.07901000976562,COLUSA,UNINCORPORATED,-122.0789794921875,39.056812286376953
92081126,2023,2023-05-30,9155,2023-05-16,1715,021507,,2,2,9,0600,0,1,3,,1,016,"STATE ROUTE 16","STATE HIGHWAY 20",19536.00,S,N,A,-,Y,COL,,16," "," ",3.950,H,,R,Y,2,0,1,2,A,-,08,22107,,N,D,C,A,A,H,-,A,D,0,,,,,Y,,A,01,1,0,0,0,0,0,0,0,0,"- ","- ",38.96405029296875,-122.34110260009766,COLUSA,UNINCORPORATED,-122.34112548828125,38.96405029296875
92089329,2023,2023-06-08,9155,2023-05-26,1820,022614,,5,2,9,0600,0,1,1,,2,052,"INTERSTATE 5 S/B","DELEVAN RD",3168.00,N,N,A,-,Y,COL,,5," ",R,32.453,H,,L,Y,2,0,1,1,A,-,08,22107,,N,F,A,A,A,H,-,A,D,0,,,,,Y,,-,33,1,0,0,0,0,0,0,0,0,"- ","- ",39.357589721679688,-122.19317626953125,COLUSA,UNINCORPORATED,-122.19310760498047,39.357582092285156
92138798,2023,2023-08-08,9155,2023-08-02,"140 ",022121,,3,3,9,0600,0,2,4,,2,011,"OLD HWY 99W","BAILEY ROAD",1691.00,N,N,A,-,Y,COL,,5," ",R,8.246,H,,R,N,2,0,1,2,A,-,11,21956,,N,G,B,E,A,H,-,D,D,0,Y,,,,Y,,N,60,1,0,0,0,1,0,0,0,0,"- ","- ",39.031608581542969,-122.06620025634766,COLUSA,UNINCORPORATED,-122.06636810302734,39.031539916992188
92169526,2023,2023-09-14,9155,2023-09-09,1750,022614,,6,2,9,0600,0,1,1,,2,052,"I-5 S/B","DELEVAN RD",1677.00,S,N,A,-,Y,COL,,5," ",R,31.554,H,,L,Y,2,0,1,1,A,-,08,22107,,N,F,I,A,A,H,-,A,D,0,,,,,Y,,D,22,1,0,0,0,0,0,0,0,0,"- ","- ",39.344741821289062,-122.19503784179688,COLUSA,UNINCORPORATED,-122.19508361816406,39.344738006591797
92170259,2023,2023-09-14,9155,2023-07-20,1637,021152,,4,2,9,0600,0,1,3,,2,023,SR-20,"SCHAAD ROAD",700.00,W,N,A,-,Y,COL,,20," "," ",17.543,H,,R,Y,1,1,4,2,A,-,06,21751,,N,A,C,A,A,H,-,A,D,0,,,Y,,Y,,A,08,0,4,0,0,0,0,0,1,0,"- ","- ",39.152908325195312,-122.22943878173828,COLUSA,UNINCORPORATED,-122.22943878173828,39.152885437011719
92189024,2023,2023-10-03,9155,2023-09-22,1745,022141,,5,2,9,0600,0,3,5,,2,001,"HALL ST","5TH ST",240.00,E,N,A,-,N,,,,,,,,,,N,2,0,2,2,A,-,09,21804,A,N,D,C,A,A,H,-,A,D,0,,,Y,,Y,,C,06,2,0,0,0,0,0,0,0,2,"- ","- ",39.017738342285156,-122.05658721923828,COLUSA,UNINCORPORATED,-122.05667877197266,39.017711639404297
92221637,2023,2023-10-27,9155,2023-10-23,2329,022121,,1,3,9,0600,0,1,3,,1,022,"STATE ROUTE 20","SAN JOSE ROAD",1373.00,W,N,A,-,Y,COL,,20," "," ",24.421,H,,R,Y,2,0,2,1,A,-,08,22107,,N,F,I,A,A,H,-,D,D,0,,,,,Y,,A,01,1,0,1,0,0,0,0,0,0,"- ","- ",39.181381225585938,-122.11994171142578,COLUSA,UNINCORPORATED,-122.11991119384766,39.181350708007812
92244942,2023,2023-11-27,9155,2023-11-20,1150,019718,,1,1,9,0600,0,1,1,,2,051,"I5 SOUTHBOUND","HAHN ROAD",8501.00,S,N,A,-,Y,COL,,5," ",R,8.740,H,,R,Y,2,0,2,1,C,-,18,,,N,E,I,A,A,H,-,A,D,0,,,,,Y,,-,"- ",2,0,0,0,0,0,0,0,0,"- ","- ",39.037910461425781,-122.07048797607422,COLUSA,UNINCORPORATED,-122.07054138183594,39.037887573242188
92259977,2023,2023-12-12,9155,2023-12-08,"618 ",019973,,5,1,9,0600,0,3,5,,2,001,"GRIMES-ARBUCKLE RD","LODI RD",110.00,W,N,E,-,N,,,,,,,,,,Y,2,0,1,1,A,-,03,22350,,N,E,I,A,A,H,-,D,D,0,,,,,Y,,-,"- ",1,0,0,0,0,0,0,0,0,"- ","- ",39.056468963623047,-121.92301940917969,COLUSA,UNINCORPORATED,-121.92366790771484,39.056400299072266
92297931,2024,2024-01-26,9155,2024-01-20,"905 ",019973,,6,1,9,0600,0,1,3,,2,023,SR-20,"WALNUT DR",6072.00,W,N,B,-,Y,COL,,20," "," ",12.105,H,,R,Y,2,0,5,1,A,-,08,22107,,N,F,A,A,B,H,-,A,D,0,,,,,Y,,A,07,1,2,2,0,0,0,0,0,0,"- ","- ",39.107791900634766,-122.30551910400391,COLUSA,UNINCORPORATED,-122.30555725097656,39.107830047607422
92877781,2024,2024-07-29,9155,2024-06-12,1353,019718,,3,1,9,0600,0,1,3,,2,023,SR-20,"WALNUT DRIVE",4000.00,E,N,A,-,Y,COL,,20," "," ",14.020,H,,R,Y,1,1,0,1,A,-,08,22107,,N,F,A,A,A,H,-,A,D,0,,,,,Y,,A,07,0,0,0,0,0,0,0,0,0,"- ","- ",39.128589630126953,-122.28202819824219,COLUSA,UNINCORPORATED,-122.28205108642578,39.128604888916016
94372180,2024,2024-08-27,9155,2024-08-14,2025,022796,,3,2,9,0600,0,3,5,,2,002,"WYER RD","PETROLEUM CREEK",2006.00,S,N,A,-,N,,,,,,,,,,Y,2,0,3,1,A,-,01,23153,A,N,E,I,A,A,H,-,D,D,0,,,,,Y,Y,-,"- ",1,2,0,0,0,0,0,0,0,"- ","- ",38.933910369873047,-122.09786987304688,COLUSA,UNINCORPORATED,,
94372261,2024,2024-08-27,9155,2024-08-16,"530 ",019973,,5,3,9,0600,0,1,1,,2,051,"I-5 S/B","HUSTED RD",2500.00,S,N,A,-,Y,COL,,5," ",R,15.459,H,,L,Y,2,0,1,1,A,-,08,22107,,N,F,I,A,A,H,-,D,D,0,,,,,Y,,D,22,1,0,0,0,0,0,0,0,0,"- ","- ",39.123550415039062,-122.12751770019531,COLUSA,UNINCORPORATED,-122.12757873535156,39.123527526855469
94390142,2024,2024-09-11,9155,2024-08-31,1920,022796,,6,2,9,0600,0,1,1,,2,051,"I-5 N/B","YOLO COUNTY LINE RD",8448.00,N,N,A,-,Y,COL,,5," ",R,1.650,H,,R,Y,2,0,3,2,A,-,01,23152,A,N,C,C,A,A,H,-,A,D,0,,,,,Y,Y,A,01,3,0,0,0,0,0,0,0,0,"- ","- ",38.94757080078125,-122.01126098632812,COLUSA,UNINCORPORATED,-122.01123046875,38.947582244873047
94432172,2024,2024-10-15,9155,2024-06-23,"447 ",022228,,7,3,9,0600,0,1,1,,2,051,"I-5 SB","MEYERS RD",3168.00,S,N,A,-,Y,COL,,5," ",R,13.057,H,,L,Y,1,2,0,2,A,-,01,23152,A,N,A,C,A,A,H,-,D,D,0,,,,,Y,Y,A,01,0,0,0,0,0,0,0,0,0,"- ","- ",39.093189239501953,-122.10735321044922,COLUSA,UNINCORPORATED,-122.10735321044922,39.093189239501953
94434821,2024,2024-10-17,9155,2024-10-06,2313,022141,,7,3,9,0600,0,1,1,,2,051,"I-5 S/B","GREENBAY RD",3168.00,N,N,A,-,Y,COL,,5," ",R,3.790,H,,L,Y,2,0,2,1,A,-,08,22107,,N,F,A,A,A,H,-,D,D,0,,,,,Y,,-,"- ",1,1,0,0,0,0,0,0,0,"- ","- ",38.974739074707031,-122.02948760986328,COLUSA,UNINCORPORATED,-122.02947235107422,38.974746704101562
94468305,2024,2024-11-13,9155,2024-07-27,1325,019973,,6,1,9,0600,0,1,3,,2,023,"SR-20 E/B","WALNUT DR",1540.00,E,N,A,-,Y,COL,,20," "," ",13.565,H,,R,Y,1,1,4,2,A,-,08,22107,,N,A,C,A,A,H,-,A,D,0,,,,,Y,,A,01,2,1,1,0,0,0,0,0,0,"- ","- ",39.123699188232422,-122.28765106201172,COLUSA,UNINCORPORATED,-122.28765869140625,39.123706817626953
94473356,2024,2025-05-06,9155,2024-09-29,"415 ",021968,,7,3,9,0600,0,2,4,,2,010,"LONE STAR RD","HAHN RD",10.00,S,N,A,-,N,,,,,,,,,,N,1,1,1,1,A,-,01,23152,A,N,E,9,A,A,H,-,C,A,0,,,,,Y,Y,D,22,1,0,0,0,0,0,0,0,0,"- ","- ",39.056800842285156,-122.07887268066406,COLUSA,UNINCORPORATED,-122.0789794921875,39.056808471679688
94474076,2024,2024-11-18,9155,2024-11-12,1055,019718,,2,1,9,0600,0,3,5,,2,003,"RIVER ROAD","LAUX ROAD",9610.00,N,N,A,-,N,,,,,,,,,,Y,2,0,1,1,A,-,08,22107,,N,E,I,A,A,H,-,A,D,0,,,,,Y,,A,01,1,0,0,0,0,0,0,0,0,"- ","- ",39.270450592041016,-121.99890899658203,COLUSA,UNINCORPORATED,-121.99862670898438,39.270343780517578
94489628,2024,2024-12-02,9155,2024-11-18,"645 ",018981,,1,1,9,0600,0,1,S,,2,008,SR-45,"RESERVATION RD",5808.00,N,N,A,-,Y,COL,,45," "," ",26.922,H,,R,Y,2,0,1,1,A,-,08,22107,,N,F,I,A,A,H,-,B,D,0,,,,,Y,,A,07,1,0,0,0,0,0,0,0,0,"- ","- ",39.312461853027344,-122.03362274169922,COLUSA,UNINCORPORATED,-122.03353881835938,39.312465667724609
94553309,2025,2025-01-28,9155,2025-01-16,2141,022796,,4,2,9,0600,0,3,5,,2,001,"COLLEGE CITY RD","FRIEL ROAD",0.00,,Y,A,-,N,,,,,,,,,,Y,2,0,1,1,A,-,12,22450,A,M,E,I,A,A,H,-,D,D,0,,,,,Y,,D,22,1,0,0,0,0,0,0,0,0,"- ","- ",38.991230010986328,-122.00721740722656,COLUSA,UNINCORPORATED,-122.00715637207031,38.991256713867188
94630419,2024,2025-03-28,9155,2024-11-09,2339,022957,,6,3,9,0600,0,1,3,,1,042,SR-45,"HARBISON ROAD",470.00,S,N,A,-,Y,COL,,45," ",R,21.995,H,,R,Y,1,1,1,2,A,-,01,23152,G,N,A,C,A,A,H,-,D,D,0,,,,,Y,Y,A,01,1,0,0,0,0,0,0,0,0,"- ","- ",39.241981506347656,-122.03118896484375,COLUSA,UNINCORPORATED,-122.03118133544922,39.241981506347656
94632014,2025,2025-05-06,9155,2025-03-24,1025,022201,,1,1,9,0600,0,1,1,,2,051,"I-5 S/B","YOLO COUNTY LINE RD",1584.00,N,N,A,-,Y,COL,,5," ",R,0.366,H,,L,Y,2,0,1,1,A,-,08,22107,,N,E,I,A,A,H,-,A,D,0,,,,,Y,,A,01,1,0,0,0,0,0,0,0,0,"- ","- ",38.930461883544922,-122.0025634765625,COLUSA,UNINCORPORATED,-122.00248718261719,38.930469512939453
94684394,2025,2025-05-12,9155,2025-04-29,"725 ",024470,,2,1,9,0600,0,1,1,,2,051,"I-5 S/B","MEYERS ROAD",3696.00,S,N,A,-,Y,COL,,5," ",R,13.012,H,,L,Y,2,0,1,2,A,-,03,22350,,N,C,C,A,A,H,-,A,D,0,,,,Y,Y,,A,01,1,0,0,0,0,0,0,0,0,"- ","- ",39.092601776123047,-122.10697937011719,COLUSA,UNINCORPORATED,-122.10698699951172,39.092597961425781
9470637,2023,2023-10-18,0602,2023-09-22,1835,P58,2,5,5,2,0602,0,0,0,,0,,"RT 20","RT 5",0.00,,Y,A,-,N,,,,,,,,,,Y,2,0,3,2,A,-,09,21802,A,N,D,C,A,A,H,-,B,D,0,,,,,Y,,A,01,1,2,0,0,0,0,0,0,0,"- ","- ",,,COLUSA,WILLIAMS,,
94732382,2025,2025-06-19,9155,2025-06-07,1615,024323,,6,2,9,0600,0,3,5,,2,002,"ZUMWALT RD","MYERS RD",0.00,,Y,A,-,N,,,,,,,,,,Y,2,0,1,1,A,-,01,23152,A,N,E,I,A,A,H,-,A,A,0,,,,,Y,Y,A,07,1,0,0,0,0,0,0,0,0,"- ","- ",39.101211547851562,-122.15177154541016,COLUSA,UNINCORPORATED,-122.15179443359375,39.101238250732422
94739141,2025,2025-06-25,9155,2025-04-19,1353,024323,,6,1,9,0600,0,3,5,,2,001,"HAHN ROAD","OHM ROAD",3650.00,W,N,A,-,N,,,,,,,,,,Y,1,1,0,1,A,-,03,22350,,N,E,8,A,A,H,-,A,D,0,,,Y,,Y,,C,02,0,0,0,0,0,0,0,1,0,"- ","- ",39.05657958984375,-122.05425262451172,COLUSA,UNINCORPORATED,-122.05436706542969,39.056606292724609
94803060,2025,2025-08-14,9155,2025-03-22,1100,020744,,6,1,9,0600,0,3,5,,2,006,"WALKER RIDGE ROAD","BRIM ROAD",5280.00,S,N,A,-,N,,,,,,,,,,Y,1,1,0,2,A,-,03,38305,,N,A,C,A,A,H,-,A,D,0,,,Y,,Y,,C,06,0,0,0,0,0,0,0,1,0,"- ","- ",39.142459869384766,-122.47675323486328,COLUSA,UNINCORPORATED,,
9624121,2023,2025-06-26,0602,2023-05-10,1346,P64,2,3,5,2,0602,0,0,0,,0,,"RT 20","HUSTED RD",0.00,,Y,A,-,Y,COL,3,20,-,T,23.177,I,5,E,Y,1,1,0,2,A,-,09,21801,A,N,A,C,A,A,H,-,A,A,0,,,Y,,Y,,E,22,0,0,0,0,0,0,0,1,0,"- ","- ",,,COLUSA,WILLIAMS,-122.13307189941406,39.173965454101562
9635208,2023,2024-01-20,0602,2023-11-10,2145,P58,2,5,5,2,0602,0,0,0,,0,,"E ST","HUSTED RD",0.00,,Y,A,-,N,,,,,,,,,,Y,2,0,2,2,A,-,09,21802,A,N,D,C,A,A,H,-,C,A,0,,,,,Y,Y,A,01,1,1,0,0,0,0,0,0,0,"- ","- ",,,COLUSA,WILLIAMS,-122.13262939453125,39.159549713134766
9648342,2023,2024-02-28,0602,2023-12-05,1200,P57,,2,5,2,0602,0,0,0,,0,,"HUSTED RD","ABEL RD",297.00,S,N,A,-,N,,,,,,,,,,Y,2,0,3,1,A,-,05,21650,,N,E,I,A,A,H,-,A,D,0,,,,,Y,,A,07,1,2,0,0,0,0,0,0,0,"- ","- ",,,COLUSA,WILLIAMS,-122.13269805908203,39.144134521484375
9711115,2024,2024-11-20,0602,2024-07-22,"803 ",P64,2,1,5,2,0602,0,0,0,,0,,"RT 5","RT 20",0.00,,Y,A,-,Y,COL,3,20,-,R,22.244,I,5,E,Y,2,0,3,2,A,-,09,21802,A,N,D,C,A,A,H,-,A,A,0,,,,Y,Y,,A,01,2,1,0,0,0,0,0,0,0,NF,"- ",,,COLUSA,WILLIAMS,-122.14792633056641,39.167579650878906